Yersinia enterocolitica subsp. enterocolitica (Schleifstein and Coleman) Frederiksen (ATCC 700823),$376.00,$319.60,2,frozen
Mycobacterium mucogenicum Springer et al. (ATCC 49650),$376.00,$319.60,2,frozen
Corynebacterium ulcerans Riegel et al. (ATCC 51799),$376.00,$319.60,2,frozen
Enterococcus faecium (Orla-Jensen) Schleifer and Kilpper-Balz (ATCC 27270),$376.00,$319.60,2,frozen
Neisseria lactamica Hollis et al. (ATCC 23971),$235.00,$199.75,2,frozen
Cutibacterium acnes Scholz and Kilian (ATCC 6919),$72.00,$61.20,1,freeze-dried
Haemophilus influenzae (Lehmann and Neumann) Winslow et al. (ATCC 53763),$376.00,$319.60,2,frozen
Klebsiella aerogenes Tindall et al. (ATCC 49469),$235.00,$199.75,1,freeze-dried
Burkholderia thailandensis Brett et al. (ATCC 700388),$376.00,$319.60,1,freeze-dried
Salmonella enterica subsp. enterica (ex Kauffmann and Edwards) Le Minor and Popoff serovar Typhimurium (ATCC 13311),$235.00,$199.75,2,freeze-dried
Yersinia enterocolitica subsp. enterocolitica (Schleifstein and Coleman) Frederiksen (ATCC 700823),$376.00,$319.60,2,frozen
Mycobacterium mucogenicum Springer et al. (ATCC 49650),$376.00,$319.60,2,frozen
Corynebacterium ulcerans Riegel et al. (ATCC 51799),$376.00,$319.60,2,frozen
Enterococcus faecium (Orla-Jensen) Schleifer and Kilpper-Balz (ATCC 27270),$376.00,$319.60,2,frozen
Neisseria lactamica Hollis et al. (ATCC 23971),$235.00,$199.75,2,frozen
Cutibacterium acnes Scholz and Kilian (ATCC 6919),$72.00,$61.20,1,freeze-dried
Haemophilus influenzae (Lehmann and Neumann) Winslow et al. (ATCC 53763),$376.00,$319.60,2,frozen
Klebsiella aerogenes Tindall et al. (ATCC 49469),$235.00,$199.75,1,freeze-dried
Burkholderia thailandensis Brett et al. (ATCC 700388),$376.00,$319.60,1,freeze-dried
Salmonella enterica subsp. enterica (ex Kauffmann and Edwards) Le Minor and Popoff serovar Typhimurium (ATCC 13311),$235.00,$199.75,2,freeze-dried
Bordetella holmesii Weyant et al. (ATCC 700052),$376.00,$319.60,2,frozen
Escherichia coli (Migula) Castellani and Chalmers (ATCC BAA-1430),$402.00,$341.70,1,freeze-dried
Enterococcus faecium (Orla-Jensen) Schleifer and Kilpper-Balz (ATCC 51858),$402.00,$341.70,2,freeze-dried
Actinobacillus succinogenes Guettler et al. (ATCC 55618),$376.00,$319.60,1,freeze-dried
Rhodococcus erythropolis (Gray and Thornton) Goodfellow and Alderson (ATCC 4277),$376.00,$319.60,1,freeze-dried
Cyanothece sp. (ATCC 51472),"$1,200.00","$1,020.00",1,test tube
Methylobacterium extorquens (Urakami and Komagata) Bousfield and Green (ATCC 43645),$376.00,$319.60,1,freeze-dried
Mycoplasma genitalium Tully et al. (ATCC 49898),$376.00,$319.60,2,frozen
Mycobacterium houstonense Schinsky et al. (ATCC 49403),$550.00,$467.50,2,freeze-dried
Streptococcus agalactiae Lehmann and Neumann (ATCC BAA-2673),$376.00,$319.60,2,freeze-dried
Atopobium parvulum (Weinberg et al.) Collins and Wallbanks (ATCC 33793),$376.00,$319.60,1,freeze-dried
Escherichia coli (Migula) Castellani and Chalmers (ATCC BAA-1428),$402.00,$341.70,1,freeze-dried
Streptococcus mutans Clarke (ATCC 700610),$402.00,$341.70,1,freeze-dried
Ralstonia insidiosa (ATCC 49129),"For-Profit:
$376.00",unavailable,1,freeze-dried
Listeria monocytogenes (Murray et al.) Pirie (ATCC 35152),$402.00,$341.70,2,freeze-dried
Haemophilus parainfluenzae Rivers (ATCC 33392),$402.00,$341.70,2,freeze-dried
Acidithiobacillus ferrooxidans (Temple and Colmer) Kelly and Wood (ATCC 14119),"$1,200.00","$1,020.00",1,test tube
Enterococcus faecalis (Andrewes and Horder) Schleifer and Kilpper-Balz (ATCC 49533),"For-Profit:
$5,082.00",unavailable,2,freeze-dried
3 Strain Tagged Whole Cell Even Mix (ATCC MSA-2014),$497.00,$422.45,2,freeze-dried
3 Strain Tagged Genomic DNA Even Mix (ATCC MSA-1014),$365.00,$310.25,1,frozen 55 µL
Salmonella enterica subsp. enterica (ex Kauffmann and Edwards) Le Minor and Popoff serovar Typhimurium (ATCC CRM-14028),$458.00,$389.30,2,freeze-dried
Cupriavidus necator (ATCC 17699),$376.00,$319.60,1,freeze-dried
Streptococcus intermedius Prevot emend. Whiley and Beighton (ATCC 27335),$402.00,$341.70,1,freeze-dried
Corynebacterium diphtheriae (Kruse) Lehmann and Neumann (ATCC 51280),$550.00,$467.50,2,freeze-dried
Staphylococcus aureus subsp. aureus Rosenbach (ATCC 6538P),$251.00,$213.35,2,freeze-dried
Staphylococcus aureus subsp. aureus Rosenbach (ATCC 6538P-MINI-PACK),$252.00,$214.20,2,frozen 6 ready-to-use vials of ATCC 6538P in glycerol stock
Mycobacterium genavense Bottger et al. (ATCC 51234),$376.00,$319.60,2,freeze-dried
Escherichia coli bacteriophage T5 (ATCC 11303-B5),$235.00,$199.75,1,freeze-dried
Escherichia coli (Migula) Castellani and Chalmers (ATCC 700336),$402.00,$341.70,2,freeze-dried
Morganella morganii subsp. morganii (Winslow et al.) Fulton (ATCC 23585),$376.00,$319.60,2,freeze-dried
Klebsiella pneumoniae subsp. pneumoniae (Schroeter) Trevisan (ATCC 4352),$251.00,$213.35,2,freeze-dried
Legionella pneumophila subsp. pneumophila Brenner et al. (ATCC 43736),$402.00,$341.70,2,freeze-dried
Bacillus subtilis (Ehrenberg) Cohn (ATCC 6051a),$402.00,$341.70,1,freeze-dried
Lactobacillus johnsonii Fujisawa et al. (ATCC 33200),$402.00,$341.70,1,freeze-dried
Escherichia coli (Migula) Castellani and Chalmers (ATCC BAA-2196),$376.00,$319.60,2,freeze-dried
Bacteroides salyersiae Song et al. (ATCC BAA-997),$376.00,$319.60,2,freeze-dried
Clostridium bolteae (ATCC BAA-613),unavailable,unavailable,2,freeze-dried
Salmonella enterica subsp. enterica (ex Kauffmann and Edwards) Le Minor and Popoff serovar Enteritidis (ATCC BAA-708),$376.00,$319.60,2,freeze-dried
Mycobacterium marinum Aronson (ATCC BAA-535),$376.00,$319.60,2,freeze-dried
Borrelia mayonii (ATCC BAA-2744),$376.00,$319.60,2,frozen
Salmonella enterica subsp. enterica serovar Weltevreden (ATCC BAA-2568),$376.00,$319.60,2,freeze-dried
Blautia wexlerae Liu et al. (ATCC BAA-1564),$376.00,$319.60,2,frozen
Bordetella pertussis (Bergey et al.) Moreno-Lopez (ATCC BAA-1335),$376.00,$319.60,2,freeze-dried
Clostridioides difficile (Prevot) Lawson et al. (ATCC BAA-1805),$376.00,$319.60,2,freeze-dried
Campylobacter upsaliensis Sandstedt and Ursing (ATCC BAA-1059),$376.00,$319.60,2,freeze-dried
Bacillus megaterium de Bary (ATCC 9885),$402.00,$341.70,1,freeze-dried
Pneumococcal Polysaccharide Powder Type 14 (US Type 14) (ATCC 73-X),$67.00,$67.00,1,frozen 2 mg
Helicobacter pylori (Marshall et al.) Goodwin et al. (ATCC 700684),$376.00,$319.60,2,frozen
Bacillus pumilus Meyer and Gottheil (ATCC 7061),$402.00,$341.70,1,freeze-dried
Clostridium pasteurianum Winogradsky (ATCC 6013),$376.00,$319.60,1,freeze-dried
Arthrobacter sp. (ATCC 53997),$376.00,$319.60,1,freeze-dried
Streptomyces sp. (ATCC 53730),$376.00,$319.60,1,freeze-dried
Bartonella quintana (Schmincke) Brenner et al. (ATCC 51694),$376.00,$319.60,2,freeze-dried
Clostridium perfringens (Veillon and Zuber) Hauduroy et al. (ATCC 51880),$376.00,$319.60,2,freeze-dried
Bacillus mojavensis Roberts et al. (ATCC 51516),$402.00,$341.70,1,freeze-dried
Dialister invisus Downes et al. (ATCC 51894),$376.00,$319.60,1,freeze-dried
Staphylococcus capitis subsp. urealyticus Bannerman and Kloos (ATCC 49326),$376.00,$319.60,1,freeze-dried
Escherichia coli (Migula) Castellani and Chalmers (ATCC 43892),$402.00,$341.70,2,freeze-dried
Clostridium methylpentosum Himelbloom and Canale-Parola (ATCC 43829),$376.00,$319.60,1,freeze-dried
Streptomyces scabiei (Thaxter) Lambert and Loria (ATCC 49173),$376.00,$319.60,1,freeze-dried
Escherichia coli (Migula) Castellani and Chalmers (ATCC 43745),$376.00,$319.60,1,freeze-dried
Moorella thermoacetica (Fontaine et al.) Collins et al. (ATCC 39073),$376.00,$319.60,1,freeze-dried
Pneumococcal Polysaccharide Powder Type 5 (US Type 5) (ATCC 41-X),"$1,669.00","$1,669.00",1,frozen 200 mg
Streptomyces viridosporus Pridham et al. (ATCC 39115),$376.00,$319.60,1,freeze-dried
Pneumococcal Polysaccharide Powder Type 5 (US Type 5) (ATCC 37-X),$67.00,$67.00,1,frozen 2 mg
Lactobacillus brevis (Orla-Jensen) Bergey et al. (ATCC 367),$376.00,$319.60,1,freeze-dried
Clostridium perfringens (Veillon and Zuber) Hauduroy et al. (ATCC 3629),$376.00,$319.60,2,freeze-dried
Clostridium perfringens (Veillon and Zuber) Hauduroy et al. (ATCC 3626),$235.00,$199.75,2,freeze-dried
Clostridium perfringens (Veillon and Zuber) Hauduroy et al. (ATCC 3624),$376.00,$319.60,2,freeze-dried
Rhizobium radiobacter (Beijerinck and van Delden) Young et al. (ATCC 33970),$251.00,$213.35,1,freeze-dried
Mycobacterium bovis Karlson and Lessel (ATCC 35747),$376.00,$319.60,2,freeze-dried
Escherichia coli (Migula) Castellani and Chalmers (ATCC 31616),$376.00,$319.60,2,freeze-dried
Pneumococcal Polysaccharide Powder Type 4 (US Type 4) (ATCC 34-X),$67.00,$67.00,1,frozen 2 mg
Staphylococcus aureus subsp. aureus Rosenbach (ATCC 33591),$376.00,$319.60,2,freeze-dried
Pseudomonas putida (Trevisan) Migula (ATCC 31483),$402.00,$341.70,1,freeze-dried
Pseudomonas acidophila Imada et al. (ATCC 31363),$376.00,$319.60,1,freeze-dried
Actinoplanes sp. (ATCC 31044),$376.00,$319.60,1,freeze-dried
Pneumococcal Polysaccharide Powder Type 3 (US Type 3) (ATCC 31-X),$67.00,$67.00,1,frozen 2 mg
Alistipes putredinis (Weinberg et al.) Rautio et al. (ATCC 29800),$402.00,$341.70,2,freeze-dried
Salmonella enterica subsp. enterica (ex Kauffmann and Edwards) Le Minor and Popoff serovar Newport (ATCC 27869),$376.00,$319.60,2,freeze-dried
Gemmiger formicilis Gossling and Moore (ATCC 27749),$376.00,$319.60,1,freeze-dried
Staphylococcus aureus subsp. aureus bacteriophage 75 (ATCC 27698-B1),"For-Profit:
$376.00",unavailable,1,freeze-dried
Clostridium perfringens (Veillon and Zuber) Hauduroy et al. (ATCC 27324),"For-Profit:
$376.00",unavailable,2,freeze-dried
Bacillus pumilus Meyer and Gottheil (ATCC 27142),$402.00,$341.70,1,freeze-dried
Pneumococcal Polysaccharide Powder Type 33F (US Type 70) (ATCC 260-X),"$1,669.00","$1,669.00",1,frozen 200 mg
Staphylococcus aureus subsp. aureus Rosenbach (ATCC 25923),$67.00,$56.95,2,freeze-dried
Staphylococcus aureus subsp. aureus bacteriophage 55 (ATCC 27696-B1),$235.00,$199.75,1,freeze-dried
Pneumococcal Polysaccharide Powder Type 19A (US Type 57) (ATCC 252-X),"$1,669.00","$1,669.00",1,frozen 200 mg
Shigella flexneri Castellani and Chalmers (ATCC 25929),$376.00,$319.60,2,freeze-dried
Mycobacterium avium subsp. avium Chester (ATCC 25291),$251.00,$213.35,2,freeze-dried
Pneumococcal Polysaccharide Powder Type 15B (US Type 54) (ATCC 244-X),"$1,669.00","$1,669.00",1,frozen 200 mg
Bacillus amyloliquefaciens (Fukumoto) Priest et al. (ATCC 23842),$251.00,$213.35,1,freeze-dried
Pneumococcal Polysaccharide Powder Type 11A (US Type 43) (ATCC 236-X),"$1,669.00","$1,669.00",1,frozen 200 mg
Pneumococcal Polysaccharide Powder Type 10A (US Type 34) (ATCC 232-X),"$1,669.00","$1,669.00",1,frozen 200 mg
Escherichia coli (Migula) Castellani and Chalmers (ATCC 23502),$376.00,$319.60,2,freeze-dried
Burkholderia cepacia (Palleroni and Holmes) Yabuuchi et al. (ATCC 21809),$376.00,$319.60,2,freeze-dried
Bacillus cereus Frankland and Frankland (ATCC 21772),$376.00,$319.60,1,freeze-dried
Pseudomonas syringae van Hall pathovar phaseolicola (ATCC 21781),$376.00,$319.60,1,freeze-dried
Corynebacterium glutamicum (Kinoshita et al.) Abe et al. (ATCC 21850),$376.00,$319.60,1,freeze-dried
Corynebacterium glutamicum (Kinoshita et al.) Abe et al. (ATCC 21659),$376.00,$319.60,1,freeze-dried
Cellulosimicrobium cellulans (Metcalf and Brown) Schumann et al. (ATCC 21606),$376.00,$319.60,1,freeze-dried
Corynebacterium glutamicum (Kinoshita et al.) Abe et al. (ATCC 21604),$376.00,$319.60,1,freeze-dried
Paracoccus zeaxanthinifaciens Berry et al. (ATCC 21588),$376.00,$319.60,1,freeze-dried
Pseudomonas aeruginosa (Schroeter) Migula (ATCC 21472),$376.00,$319.60,2,freeze-dried
Escherichia coli (Migula) Castellani and Chalmers (ATCC 21277),$376.00,$319.60,1,freeze-dried
Pneumococcal Polysaccharide Powder Type 20 (US Type 20) (ATCC 212-X),"$1,669.00","$1,669.00",1,frozen 200 mg
Bacillus pumilus Meyer and Gottheil (ATCC 21143),$376.00,$319.60,1,freeze-dried
Clostridium histolyticum (Weinberg and Seguin) Bergey et al. (ATCC 21000),$376.00,$319.60,2,freeze-dried
Pneumococcal Polysaccharide Powder Type 17F (US Type 17) (ATCC 204-X),"$1,669.00","$1,669.00",1,frozen 200 mg
Pneumococcal Polysaccharide Powder Type 14 (US Type 14) (ATCC 200-X),"$1,669.00","$1,669.00",1,frozen 200 mg
Clostridium perfringens (Veillon and Zuber) Hauduroy et al. (ATCC 19574),$376.00,$319.60,2,freeze-dried
Mycobacterium bovis Karlson and Lessel (ATCC 19210),"$1,159.00",$985.15,3,frozen
Pneumococcal Polysaccharide Powder Type 9N (US Type 9) (ATCC 192-X),"$1,669.00","$1,669.00",1,frozen 200 mg
Pneumococcal Polysaccharide Powder Type 8 (US Type 8) (ATCC 188-X),"$1,669.00","$1,669.00",1,frozen 200 mg
Veillonella atypica (Rogosa) Mays et al. (ATCC 17744),$402.00,$341.70,1,freeze-dried
Pneumococcal Polysaccharide Powder Type 4 (US Type 4) (ATCC 176-X),"$1,669.00","$1,669.00",1,frozen 200 mg
Burkholderia pyrrocinia (Imanaka et al.) Vandamme et al. (ATCC 15958),$376.00,$319.60,1,freeze-dried
Escherichia coli bacteriophage phi V-1 (ATCC 15597-B2),$402.00,$341.70,1,freeze-dried
Pseudomonas aeruginosa (Schroeter) Migula (ATCC 15522),$376.00,$319.60,2,freeze-dried
Shigella flexneri Castellani and Chalmers (ATCC 15391),$376.00,$319.60,2,freeze-dried
Escherichia coli (Migula) Castellani and Chalmers (ATCC 15389),$376.00,$319.60,1,freeze-dried
Bacillus subtilis (Ehrenberg) Cohn (ATCC 15245),"For-Profit:
$376.00",unavailable,1,freeze-dried
Gluconobacter japonicus (ATCC 15180),$376.00,$319.60,1,freeze-dried
Streptomyces nodosus Trejo (ATCC 14899),$376.00,$319.60,1,freeze-dried
Clostridium symbiosum (Stevens) Kaneuchi et al. (ATCC 14940),$402.00,$341.70,1,freeze-dried
Neisseria subflava (Flugge) Trevisan (ATCC 14221),$376.00,$319.60,1,freeze-dried
Plesiomonas shigelloides (Bader) Habs and Schubert (ATCC 14029),$402.00,$341.70,2,freeze-dried
Streptomyces albus subsp. pathocidicus Nagatsu et al. (ATCC 14510),$376.00,$319.60,1,freeze-dried
Salmonella enterica subsp. enterica serovar Typhimurium GFP (ATCC 14028GFP),$397.00,$337.45,2,frozen
Bacillus subtilis (Ehrenberg) Cohn (ATCC 13952),$376.00,$319.60,1,freeze-dried
Clostridium sporogenes (Metchnikoff) Bergey et al. (ATCC 13732),"For-Profit:
$376.00",unavailable,1,freeze-dried
Pseudomonas aeruginosa (Schroeter) Migula (ATCC 13388),$376.00,$319.60,2,freeze-dried
Clostridium perfringens (Veillon and Zuber) Hauduroy et al. (ATCC 13124),$72.00,$61.20,2,freeze-dried
Clostridium perfringens (Veillon and Zuber) Hauduroy et al. (ATCC 12924),$376.00,$319.60,2,freeze-dried
Clostridium perfringens (Veillon and Zuber) Hauduroy et al. (ATCC 12919),$376.00,$319.60,2,freeze-dried
Clostridium perfringens (Veillon and Zuber) Hauduroy et al. (ATCC 12917),$376.00,$319.60,2,freeze-dried
Clostridium perfringens (Veillon and Zuber) Hauduroy et al. (ATCC 12916),$376.00,$319.60,2,freeze-dried
Clostridium perfringens (Veillon and Zuber) Hauduroy et al. (ATCC 12915),$376.00,$319.60,2,freeze-dried
Streptococcus pyogenes Rosenbach (ATCC 12370),$376.00,$319.60,2,freeze-dried
Streptococcus pyogenes Rosenbach (ATCC 12203),$376.00,$319.60,2,freeze-dried
Bacillus subtilis (Ehrenberg) Cohn (ATCC 11774),$402.00,$341.70,1,freeze-dried
Streptomyces lavendulae subsp. lavendulae (Waksman and Curtis) Waksman and Henrici (ATCC 11924),$376.00,$319.60,1,freeze-dried
Pneumococcal Polysaccharide Powder Type 6B (US Type 26) (ATCC 105-X),$67.00,$67.00,1,frozen 2 mg
Clostridium perfringens (Veillon and Zuber) Hauduroy et al. (ATCC 10543),$72.00,$61.20,2,freeze-dried
Lactobacillus crispatus (Brygoo and Aladame) Moore and Holdeman (ATCC 53545),$376.00,$319.60,1,frozen
Lactobacillus rhamnosus (Hansen) Collins et al. (ATCC 53103),$376.00,$319.60,1,freeze-dried
Salmonella subterranea Shelobolina et al. (ATCC BAA-836),$402.00,$341.70,1,freeze-dried
Atopobium vaginae Rodriguez Jovita et al. (ATCC BAA-55),"For-Profit:
$578.00",unavailable,1,freeze-dried
Campylobacter jejuni (Jones et al.) Veron and Chatelain (ATCC BAA-2151),$402.00,$341.70,2,freeze-dried
Streptococcus pneumoniae (Klein) Chester (ATCC BAA-255),$376.00,$319.60,2,freeze-dried
Salmonella enterica subsp. enterica (ex Kauffmann and Edwards) Le Minor and Popoff serovar Abony (ATCC BAA-2162),$251.00,$213.35,2,freeze-dried
Borrelia kurtenbachii (ATCC BAA-2495),$376.00,$319.60,2,frozen
Enterobacter hormaechei O'Hara et al. (ATCC BAA-2082),$376.00,$319.60,2,freeze-dried
Klebsiella pneumoniae (Schroeter) Trevisan (ATCC BAA-1900),$376.00,$319.60,2,freeze-dried
Escherichia coli (Migula) Castellani and Chalmers (ATCC BAA-1025),$402.00,$341.70,1,freeze-dried
Eikenella corrodens (Eiken) Jackson and Goodman (ATCC BAA-1152),$402.00,$341.70,2,freeze-dried
Ensifer meliloti (Dangeard) Young (ATCC 9930),$376.00,$319.60,1,freeze-dried
Haemophilus influenzae (Lehmann and Neumann) Winslow et al. (ATCC 9795),$235.00,$199.75,2,freeze-dried
Haemophilus influenzae (Lehmann and Neumann) Winslow et al. (ATCC 9008),$376.00,$319.60,2,freeze-dried
Enterococcus faecium (Orla-Jensen) Schleifer and Kilpper-Balz (ATCC 8459),$402.00,$341.70,1,freeze-dried
Lactobacillus plantarum (Orla-Jensen) Bergey et al. (ATCC 8014),$235.00,$199.75,1,freeze-dried
Aliivibrio fischeri (Beijerinck) Urbanczyk et al. (ATCC 7744),$67.00,$56.95,1,freeze-dried
Clavibacter michiganensis subsp. michiganensis (Smith) Davis et al. (ATCC 7430),$376.00,$319.60,1,freeze-dried
Streptococcus salivarius subsp. salivarius Andrewes and Horder (ATCC 7073),$402.00,$341.70,1,freeze-dried
Salmonella enterica subsp. enterica (ex Kauffmann and Edwards) Le Minor and Popoff serovar Stanley (ATCC 7308),$376.00,$319.60,2,freeze-dried
Streptococcus equi subsp. zooepidemicus Farrow and Collins (ATCC 700400),$251.00,$213.35,2,freeze-dried
Pseudomonas monteilii Elomari et al. (ATCC 700476),$376.00,$319.60,1,freeze-dried
Mycobacterium smegmatis (Trevisan) Lehmann and Neumann (ATCC 700084),$376.00,$319.60,1,freeze-dried
Enterobacter hormaechei O'Hara et al. (ATCC 700323),$72.00,$61.20,1,freeze-dried
Mycobacterium fortuitum subsp. fortuitum da Costa Cruz (ATCC 6841),$235.00,$199.75,2,freeze-dried
Streptococcus pneumoniae (Klein) Chester (ATCC 700672),$376.00,$319.60,2,freeze-dried
Bordetella pertussis (Bergey et al.) Moreno-Lopez (ATCC 51445),$376.00,$319.60,2,freeze-dried
Salmonella enterica subsp. enterica (Kauffmann and Edwards) Le Minor and Popoff (ATCC 51741),$67.00,$56.95,2,freeze-dried
Rhizobium radiobacter (Beijerinck and van Delden) Young et al. (ATCC 51350),$376.00,$319.60,1,freeze-dried
Paenibacillus larvae (White) Ash et al. (ATCC 49843),$376.00,$319.60,1,freeze-dried
Komagataeibacter xylinus (Brown) Yamada et al. (ATCC 53524),$402.00,$341.70,1,freeze-dried
Pseudomonas brenneri (ATCC 49642),$402.00,$341.70,1,freeze-dried
Yersinia enterocolitica subsp. enterocolitica (Schleifstein and Coleman) Frederiksen (ATCC 49397),$235.00,$199.75,2,freeze-dried
Haemophilus influenzae (Lehmann and Neumann) Winslow et al. (ATCC 700223),$376.00,$319.60,2,freeze-dried
Stenotrophomonas maltophilia (Hugh) Palleroni and Bradbury (ATCC 53199),$376.00,$319.60,1,freeze-dried
Serratia marcescens Bizio (ATCC 43862),$72.00,$61.20,1,freeze-dried
Legionella pneumophila subsp. pneumophila Brenner et al. (ATCC 43290),$376.00,$319.60,2,freeze-dried
Rhizobium rhizogenes (Riker et al.) Young et al. (ATCC 43057),$376.00,$319.60,1,freeze-dried
Streptococcus oralis Bridge and Sneath emend. Kilian et al. (ATCC 6249),$376.00,$319.60,2,freeze-dried
Pseudomonas aeruginosa (ATCC 39327),$402.00,$341.70,1,freeze-dried
Salmonella enterica subsp. enterica (ex Kauffmann and Edwards) Le Minor and Popoff serovar Dublin (ATCC 39184),$376.00,$319.60,2,freeze-dried
Neisseria meningitidis (Albrecht and Ghon) Murray (ATCC 35558),$376.00,$319.60,2,freeze-dried
Legionella pneumophila Brenner et al. (ATCC 33823),$235.00,$199.75,2,freeze-dried
Photobacterium leiognathi Boisvert et al. (ATCC 33469),$376.00,$319.60,1,freeze-dried
Bacteroides fragilis (Veillon and Zuber) Castellani and Chalmers (ATCC 43859),$402.00,$341.70,2,freeze-dried
Photorhabdus asymbiotica subsp. asymbiotica Fischer-Le Saux et al. (ATCC 43950),$376.00,$319.60,2,freeze-dried
Mycobacterium bovis Karlson and Lessel (ATCC 35743),$402.00,$341.70,2,freeze-dried
Campylobacter sputorum biovar sputorum On et al. (ATCC 33562),$376.00,$319.60,2,freeze-dried
Neisseria macacae Vedros et al. (ATCC 33926),$376.00,$319.60,2,freeze-dried
Haemophilus influenzae (Lehmann and Neumann) Winslow et al. (ATCC 33930),$376.00,$319.60,2,freeze-dried
Haemophilus influenzae (Lehmann and Neumann) Winslow et al. (ATCC 33391),$402.00,$341.70,2,freeze-dried
Campylobacter fetus subsp. fetus (Smith and Taylor) Veron and Chatelain (ATCC 33246),$376.00,$319.60,2,frozen
Aeromonas salmonicida subsp. salmonicida (Lehmann and Neumann) Griffen et al. (ATCC 33658),"For-Profit:
$376.00",unavailable,1,freeze-dried
Sphingomonas sp. (ATCC 31555),$376.00,$319.60,1,freeze-dried
Sphingomonas sp. (ATCC 31461),$402.00,$341.70,1,freeze-dried
Salmonella enterica subsp. enterica (ex Kauffmann and Edwards) Le Minor and Popoff serovar Enteritidis (ATCC 31194),$402.00,$341.70,2,freeze-dried
Photorhabdus luminescens subsp. luminescens (Thomas and Poinar) Boemare et al. (ATCC 29999),$402.00,$341.70,1,freeze-dried
Desulfovibrio desulfuricans subsp. desulfuricans (Beijerinck) Kluyver and van Niel (ATCC 29577),$376.00,$319.60,1,freeze-dried
Campylobacter jejuni subsp. jejuni (Jones et al.) Veron and Chatelain (ATCC 29428),$72.00,$61.20,2,frozen
Photorhabdus temperata Fischer-Le Saux et al. (ATCC 29304),$376.00,$319.60,1,freeze-dried
Desulfovibrio piger (Moore et al.) Loubinoux et al. (ATCC 29098),$402.00,$341.70,1,freeze-dried
Faecalibacterium prausnitzii (ATCC 27768),$402.00,$341.70,1,freeze-dried
Clostridium nexile Holdeman and Moore (ATCC 27757),$402.00,$341.70,1,freeze-dried
Brucella ovis Buddle 1956 (ATCC 25840),$376.00,$319.60,2,freeze-dried
Neisseria lactamica Hollis et al. (ATCC 23970),$67.00,$56.95,2,freeze-dried
Rhizobium sp. (ATCC 21680),$376.00,$319.60,1,freeze-dried
Corynebacterium glutamicum (Kinoshita et al.) Abe et al. (ATCC 21573),"For-Profit:
$376.00",unavailable,1,freeze-dried
Desulfotomaculum nigrificans (Werkman and Weaver) Campbell and Postgate (ATCC 19858),$402.00,$341.70,1,freeze-dried
Enterococcus durans Collins et al. (ATCC 19432),$251.00,$213.35,1,freeze-dried
Kocuria varians (Migula) Stackebrandt et al. (ATCC 15306),$376.00,$319.60,1,freeze-dried
Bifidobacterium breve Reuter (ATCC 15701),$402.00,$341.70,1,freeze-dried
Clavibacter michiganensis subsp. michiganensis (Smith) Davis et al. (ATCC 14456),$550.00,$467.50,1,freeze-dried
Haemophilus influenzae (Lehmann and Neumann) Winslow et al. (ATCC 19418),$235.00,$199.75,2,freeze-dried
Klebsiella oxytoca (Flugge) Lautrop (ATCC 13030),$376.00,$319.60,2,freeze-dried
Corynebacterium pseudodiphtheriticum Lehmann and Neumann (ATCC 10701),$550.00,$467.50,1,freeze-dried
Streptococcus gordonii Kilian et al. (ATCC 10558),$402.00,$341.70,2,freeze-dried
Micrococcus luteus (Schroeter) Cohn (ATCC 12698),$376.00,$319.60,1,freeze-dried
Rhizobium rhizogenes (Riker et al.) Young et al. (ATCC 15834),$235.00,$199.75,1,freeze-dried
Rhodopseudomonas palustris (Molisch) van Niel (ATCC 17001),$376.00,$319.60,1,freeze-dried
Klebsiella pneumoniae subsp. rhinoscleromatis (Trevisan) Orskov (ATCC 13884),$376.00,$319.60,2,freeze-dried
Pseudomonas putida (Trevisan) Migula (ATCC 17484),$376.00,$319.60,1,freeze-dried
Salmonella enterica subsp. enterica (ex Kauffmann and Edwards) Le Minor and Popoff serovar Paratyphi C (ATCC 13428),$376.00,$319.60,2,freeze-dried
Methylobacterium extorquens (Urakami and Komagata) Bousfield and Green (ATCC 14718),$376.00,$319.60,1,freeze-dried
Staphylococcus hyicus (Sompolinsky) Devriese et al. (ATCC 11249),$376.00,$319.60,2,freeze-dried
Neisseria meningitidis (Albrecht and Ghon) Murray (ATCC 13102),$235.00,$199.75,2,freeze-dried
Klebsiella pneumoniae subsp. ozaenae (Abel) Orskov (ATCC 11296),$376.00,$319.60,2,freeze-dried
Azotobacter vinelandii Lipman (ATCC 13705),$376.00,$319.60,1,freeze-dried
Lactobacillus rhamnosus (Hansen) Collins et al. (ATCC BAA-2836),$402.00,$341.70,1,frozen
Lactobacillus plantarum (Orla-Jensen) Bergey et al. (ATCC 8014-MINI-PACK),$234.00,$198.90,1,frozen 6 ready-to-use vials of ATCC 8014 in glycerol stock
Escherichia coli (Migula) Castellani and Chalmers (ATCC BAA-2428),$402.00,$341.70,1,freeze-dried
Bacillus sp. (ATCC 31382),$376.00,$319.60,1,freeze-dried
Lactobacillus jensenii Gasser et al. (ATCC 25258),$402.00,$341.70,1,freeze-dried
Enterococcus faecalis (Andrewes and Horder) Schleifer and Kilpper-Balz (ATCC 51299-MINI-PACK),"For-Profit:
$376.00",unavailable,2,frozen 6 ready-to-use vials of ATCC 51299 in glycerol stock
Stenotrophomonas maltophilia (Hugh) Palleroni and Bradbury (ATCC 17666-MINI-PACK),$252.00,$214.20,1,frozen 6 ready-to-use vials of ATCC 17666 in glycerol stock
Streptococcus agalactiae Lehmann and Neumann (ATCC 13813-MINI-PACK),$234.00,$198.90,2,frozen 6 ready-to-use vials of ATCC 13813 in glycerol stock
Geobacillus stearothermophilus (Donk) Nazina et al. (ATCC 7953-MINI-PACK),$252.00,$214.20,1,frozen 6 ready-to-use vials of ATCC 7953 in glycerol stock
Streptococcus equi subsp. zooepidemicus Farrow and Collins (ATCC 43079-MINI-PACK),$234.00,$198.90,2,frozen 6 ready-to-use vials of ATCC 43079 in glycerol stock
Salmonella enterica subsp. enterica (ex Kauffmann and Edwards) Le Minor and Popoff serovar Typhimurium (ATCC 13311-MINI-PACK),$234.00,$198.90,2,frozen 6 ready-to-use vials of ATCC 13311 in glycerol stock
Escherichia coli (Migula) Castellani and Chalmers (ATCC 11229-MINI-PACK),$234.00,$198.90,1,frozen 6 ready-to-use vials of ATCC 11229 in glycerol stock
Staphylococcus aureus subsp. aureus Rosenbach (ATCC BAA-977-MINI-PACK),$234.00,$198.90,2,frozen 6 ready-to-use vials of ATCC BAA-977 in glycerol stock
Listeria monocytogenes (Murray et al.) Pirie (ATCC BAA-751-MINI-PACK),$234.00,$198.90,2,frozen 6 ready-to-use vials of ATCC BAA-751 in glycerol stock
Kocuria kristinae (Kloos et al.) Stackebrandt et al. (ATCC BAA-752-MINI-PACK),$234.00,$198.90,1,frozen 6 ready-to-use vials of ATCC BAA-752 in glycerol stock
Staphylococcus aureus subsp. aureus Rosenbach (ATCC BAA-976-MINI-PACK),$234.00,$198.90,2,frozen 6 ready-to-use vials of ATCC BAA-976 in glycerol stock
Staphylococcus saprophyticus (Fairbrother) Shaw et al. (ATCC BAA-750-MINI-PACK),$252.00,$214.20,1,frozen 6 ready-to-use vials of ATCC BAA-750 in glycerol stock
Streptococcus agalactiae Lehmann and Neumann (ATCC BAA-22-MINI-PACK),$234.00,$198.90,2,frozen 6 ready-to-use vials of ATCC BAA-22 in glycerol stock
Acinetobacter baumannii Bouvet and Grimont (ATCC BAA-747-MINI-PACK),$252.00,$214.20,2,frozen 6 ready-to-use vials of ATCC BAA-747 in glycerol stock
Ochrobactrum anthropi Holmes et al. (ATCC BAA-749-MINI-PACK),$234.00,$198.90,1,frozen 6 ready-to-use vials of ATCC BAA-749 in glycerol stock
Corynebacterium renale (Migula) Ernst (ATCC BAA-1785-MINI-PACK),$234.00,$198.90,2,frozen 6 ready-to-use vials of ATCC BAA-1785 in glycerol stock
Bacteroides ovatus Eggerth and Gagnon (ATCC BAA-1296-MINI-PACK),$252.00,$214.20,2,frozen 6 ready-to-use vials of ATCC BAA-1296 in glycerol stock
Staphylococcus aureus Rosenbach (ATCC BAA-1026-MINI-PACK),$252.00,$214.20,2,frozen 6 ready-to-use vials of ATCC BAA-1026 in glycerol stock
Haemophilus influenzae (Lehmann and Neumann) Winslow et al. (ATCC 9007-MINI-PACK),$252.00,$214.20,2,frozen 6 ready-to-use vials of ATCC 9007 in glycerol stock
Kocuria rhizophila Kovacs et al. (ATCC 9341-MINI-PACK),$252.00,$214.20,1,frozen 6 ready-to-use vials of ATCC 9341 in glycerol stock
Pseudomonas aeruginosa (Schroeter) Migula (ATCC 9027-MINI-PACK),$252.00,$214.20,2,frozen 6 ready-to-use vials of ATCC 9027 in glycerol stock
Bacteroides vulgatus Eggerth and Gagnon (ATCC 8482-MINI-PACK),$234.00,$198.90,2,frozen 6 ready-to-use vials of ATCC 8482 in glycerol stock
Klebsiella pneumoniae subsp. pneumoniae (Schroeter) Trevisan (ATCC 700603-MINI-PACK),$252.00,$214.20,2,frozen 6 ready-to-use vials of ATCC 700603 in glycerol stock
Klebsiella oxytoca (Flugge) Lautrop (ATCC 700324-MINI-PACK),$252.00,$214.20,2,frozen 6 ready-to-use vials of ATCC 700324 in glycerol stock
Bacillus subtilis subsp. spizizenii Nakamura et al. (ATCC 6633-MINI-PACK),$252.00,$214.20,1,frozen 6 ready-to-use vials of ATCC 6633 in glycerol stock
Enterobacter hormaechei O'Hara et al. (ATCC 700323-MINI-PACK),$252.00,$214.20,1,frozen 6 ready-to-use vials of ATCC 700323 in glycerol stock
Staphylococcus aureus subsp. aureus Rosenbach (ATCC 43300-MINI-PACK),$234.00,$198.90,2,frozen 6 ready-to-use vials of ATCC 43300 in glycerol stock
Streptococcus pneumoniae (Klein) Chester (ATCC 49619-MINI-PACK),$234.00,$198.90,2,frozen 6 ready-to-use vials of ATCC 49619 in glycerol stock
Enterococcus faecalis (Andrewes and Horder) Schleifer and Kilpper-Balz (ATCC 29212-MINI-PACK),$234.00,$198.90,2,frozen 6 ready-to-use vials of ATCC 29212 in glycerol stock
Aeromonas hydrophila (Chester) Stanier (ATCC 35654-MINI-PACK),$234.00,$198.90,2,frozen 6 ready-to-use vials of ATCC 35654 in glycerol stock
Oligella ureolytica Rossau et al. (ATCC 43534-MINI-PACK),$234.00,$198.90,1,frozen 6 ready-to-use vials of ATCC 43534 in glycerol stock
Paenibacillus gordonae (Pichinoty et al.) Ash et al. (ATCC 29948-MINI-PACK),$234.00,$198.90,1,frozen 6 ready-to-use vials of ATCC 29948 in glycerol stock
Brevibacillus agri (Nakamura) Shida et al. (ATCC 51663-MINI-PACK),$252.00,$214.20,1,frozen 6 ready-to-use vials of ATCC 51663 in glycerol stock
Corynebacterium urealyticum Pitcher et al. (ATCC 43044-MINI-PACK),$252.00,$214.20,2,frozen 6 ready-to-use vials of ATCC 43044 in glycerol stock
Aliivibrio fischeri (Beijerinck) Urbanczyk et al. (ATCC 49387-MINI-PACK),$234.00,$198.90,1,frozen 6 ready-to-use vials of ATCC 49387 in glycerol stock
Escherichia coli (Migula) Castellani and Chalmers (ATCC 35218-MINI-PACK),$252.00,$214.20,1,frozen 6 ready-to-use vials of ATCC 35218 in glycerol stock
Pseudomonas aeruginosa (Schroeter) Migula (ATCC 27853-MINI-PACK),$252.00,$214.20,2,frozen 6 ready-to-use vials of ATCC 27853 in glycerol stock
Klebsiella variicola Rosenblueth et al. (ATCC 31488-MINI-PACK),$252.00,$214.20,2,frozen 6 ready-to-use vials of ATCC 31448 in glycerol stock
Staphylococcus aureus subsp. aureus Rosenbach (ATCC 29213-MINI-PACK),$252.00,$214.20,2,frozen 6 ready-to-use vials of ATCC 29213 in glycerol stock
Escherichia coli (Migula) Castellani and Chalmers (ATCC 25922-MINI-PACK),$234.00,$198.90,1,frozen 6 ready-to-use vials ofATCC 25922 in glycerol stock
Burkholderia cepacia (Palleroni and Holmes) Yabuuchi et al. (ATCC 25416-MINI-PACK),$234.00,$198.90,2,frozen 6 ready-to-use vials of ATCC 25416 in glycerol stock
Staphylococcus aureus subsp. aureus Rosenbach (ATCC 25923-MINI-PACK),$234.00,$198.90,2,frozen 6 ready-to-use vials of ATCC 25923 in glycerol stock
Acholeplasma laidlawii (Sabin) Edward and Freundt (ATCC 23206-MINI-PACK),$252.00,$214.20,1,frozen 6 ready-to-use vials of ATCC 23206 in glycerol stock
Bacillus subtilis (Ehrenberg) Cohn (ATCC 19659-MINI-PACK),$252.00,$214.20,1,frozen 6 ready-to-use vials of ATCC 19659 in glycerol stock
Neisseria gonorrhoeae (Zopf) Trevisan (ATCC 19424-MINI-PACK),$252.00,$214.20,2,frozen 6 ready-to-use vials of ATCC 19424 in glycerol stock
Streptococcus pyogenes Rosenbach (ATCC 19615-MINI-PACK),$252.00,$214.20,2,frozen 6 ready-to-use vials of ATCC 19615 in glycerol stock
Clostridium sporogenes (Metchnikoff) Bergey et al. (ATCC 19404-MINI-PACK),$252.00,$214.20,1,frozen 6 ready-to-use vials of ATCC 19404 in glycerol stock
Acinetobacter baumannii Bouvet and Grimont (ATCC 19606-MINI-PACK),$252.00,$214.20,2,frozen 6 ready-to-use vials of ATCC 19606 in glycerol stock
Brevundimonas diminuta (Leifson and Hugh) Segers et al. (ATCC 19146-MINI-PACK),$234.00,$198.90,1,frozen 6 ready-to-use vials of ATCC 19146 in glycerol stock
Streptococcus thermophilus Orla-Jensen (ATCC 19258-MINI-PACK),$234.00,$198.90,1,frozen 6 ready-to-use vials of ATCC 19258 in glycerol stock
Pseudomonas aeruginosa (Schroeter) Migula (ATCC 15442-MINI-PACK),$234.00,$198.90,2,frozen 6 ready-to-use vials of ATCC 15442 in glycerol stock
Bacillus megaterium de Bary (ATCC 14581-MINI-PACK),$252.00,$214.20,1,frozen 6 ready-to-use vials of ATCC 14581 in glycerol stock
Staphylococcus epidermidis (Winslow and Winslow) Evans (ATCC 14990-MINI-PACK),$234.00,$198.90,1,frozen 6 ready-to-use vials of ATCC 14990 in glycerol stock
Clostridium perfringens (Veillon and Zuber) Hauduroy et al. (ATCC 13124-MINI-PACK),$252.00,$214.20,2,frozen 6 ready-to-use vials of ATCC 13124 in glycerol stock
Salmonella enterica subsp. enterica (ex Kauffmann and Edwards) Le Minor and Popoff serovar Typhimurium (ATCC 14028-MINI-PACK),$234.00,$198.90,2,frozen 6 ready-to-use vials of ATCC 14028 in glycerol stock
Klebsiella aerogenes Tindall et al. (ATCC 13048-MINI-PACK),$252.00,$214.20,1,frozen 6 ready-to-use vials of ATCC 13048 in glycerol stock
Clostridium septicum (Mace) Ford (ATCC 12464-MINI-PACK),$252.00,$214.20,2,frozen 6 ready-to-use vials of ATCC 12464 in glycerol stock
Staphylococcus epidermidis (Winslow and Winslow) Evans (ATCC 12228-MINI-PACK),$252.00,$214.20,1,frozen 6 ready-to-use vials of ATCC 12228 in glycerol stock
Escherichia coli (Migula) Castellani and Chalmers (ATCC 11775-MINI-PACK),$252.00,$214.20,2,frozen 6 ready-to-use vials of ATCC 11775 in glycerol stock
Clostridium sporogenes (Metchnikoff) Bergey et al. (ATCC 11437-MINI-PACK),$234.00,$198.90,1,frozen 6 ready-to-use vials of ATCC 11437 in glycerol stock
Salmonella enterica subsp. enterica (ex Kauffmann and Edwards) Le Minor and Popoff serovar Choleraesuis (ATCC 10708-MINI-PACK),$234.00,$198.90,2,frozen 6 ready-to-use vials of ATCC 10708 in glycerol stock
Bacillus cereus Frankland and Frankland (ATCC 10876-MINI-PACK),$252.00,$214.20,1,frozen 6 ready-to-use vials of ATCC 10876 in glycerol stock
Mycobacterium kansasii Hauduroy (ATCC 12478),$251.00,$213.35,2,freeze-dried
Neisseria gonorrhoeae (Zopf) Trevisan (ATCC 700719),$550.00,$467.50,2,freeze-dried
Proteus mirabilis Hauser (ATCC 49565),$550.00,$467.50,2,frozen
Capnocytophaga ochracea Leadbetter et al. (ATCC 27872),$550.00,$467.50,2,freeze-dried
Mycobacterium arosiense (ATCC BAA-1401),$550.00,$467.50,2,freeze-dried
Rhodobacter sphaeroides (van Niel) Imhoff et al. (ATCC 49419),$550.00,$467.50,1,freeze-dried
Campylobacter coli (Doyle) Veron and Chatelain (ATCC 43481),$550.00,$467.50,2,freeze-dried
Mycobacterium neworleansense Schinsky et al. (ATCC 49404),$550.00,$467.50,2,freeze-dried
Streptococcus pneumoniae (Klein) Chester (ATCC 10813),$550.00,$467.50,2,freeze-dried
Haemophilus influenzae (Lehmann and Neumann) Winslow et al. (ATCC 51907),$402.00,$341.70,1,freeze-dried
Lactobacillus leichmannii (Henneberg) Bergey et al. (ATCC 7830-MINI-PACK),$252.00,$214.20,1,frozen 6 ready-to-use vials of ATCC 7830 in glycerol stock
Desulfovibrio vulgaris subsp. vulgaris Postgate and Campbell (ATCC 29579),$402.00,$341.70,1,freeze-dried
Bacillus thuringiensis Berliner (ATCC 19266),$550.00,$467.50,1,frozen
Steroidobacter agariperforans (ATCC BAA-2459),$550.00,$467.50,1,frozen
Bifidobacterium longum Reuter (ATCC BAA-999),$402.00,$341.70,1,freeze-dried
Acetobacterium tundrae Simankova et al. (ATCC BAA-996),$550.00,$467.50,1,freeze-dried
Insularibacter anchialinus (ATCC BAA-995),$550.00,$467.50,1,freeze-dried
Nesiotobacter exalbescens Donachie et al. (ATCC BAA-994),$550.00,$467.50,1,freeze-dried
Exiguobacterium sp. (ATCC BAA-991),$550.00,$467.50,1,freeze-dried
Methylobacterium sp. (ATCC BAA-988),$550.00,$467.50,1,freeze-dried
Bacillus sp. (ATCC BAA-986),$550.00,$467.50,1,freeze-dried
Bacillus sp. (ATCC BAA-985),"For-Profit:
$376.00",unavailable,1,freeze-dried
Bacillus sp. (ATCC BAA-984),$550.00,$467.50,1,freeze-dried
Xanthomonas gardneri (ATCC BAA-981),$550.00,$467.50,1,freeze-dried
Xanthomonas gardneri (ATCC BAA-980),$550.00,$467.50,1,freeze-dried
Geobacillus thermoleovorans (Zarilla and Perry) Nazina et al. (ATCC BAA-979),$550.00,$467.50,1,freeze-dried
Pseudomonas syringae van Hall pathovar phaseolicola (ATCC BAA-978),$550.00,$467.50,1,frozen
Segniliparus rugosus Butler et al. (ATCC BAA-975),$550.00,$467.50,2,freeze-dried
Segniliparus rugosus Butler et al. (ATCC BAA-974),$550.00,$467.50,2,freeze-dried
Segniliparus rotundus Butler et al. (ATCC BAA-973),$550.00,$467.50,2,freeze-dried
Segniliparus rotundus Butler et al. (ATCC BAA-972),$550.00,$467.50,2,freeze-dried
Planifilum fulgidum (ATCC BAA-970),$550.00,$467.50,1,freeze-dried
Planifilum fimeticola (ATCC BAA-969),$550.00,$467.50,1,freeze-dried
Methylohalobius crimeensis (ATCC BAA-967),$550.00,$467.50,1,freeze-dried
Halomonas campaniensis Romano et al. (ATCC BAA-966),$550.00,$467.50,1,freeze-dried
Bacillus patagoniensis (ATCC BAA-965),$550.00,$467.50,1,freeze-dried
Spiroplasma sp. (ATCC BAA-964),$550.00,$467.50,1,freeze-dried
Spiroplasma sp. (ATCC BAA-963),$550.00,$467.50,1,freeze-dried
Spiroplasma sp. (ATCC BAA-962),$550.00,$467.50,1,freeze-dried
Spiroplasma sp. (ATCC BAA-961),$550.00,$467.50,1,freeze-dried
Xanthomonas aracearum pathovar syngonii (ATCC BAA-959),$550.00,$467.50,1,freeze-dried
Xanthomonas aracearum pathovar anthurii (ATCC BAA-958),$550.00,$467.50,1,freeze-dried
Bacillus saliphilus Romano et al. (ATCC BAA-957),$550.00,$467.50,1,freeze-dried
Mycobacterium goodii Brown et al. (ATCC BAA-955),$550.00,$467.50,2,frozen
Halomonas alkaliphila Romano et al. (ATCC BAA-953),$550.00,$467.50,1,freeze-dried
Salinivibrio costicola subsp. alcaliphilus Romano et al. 2005 (ATCC BAA-952),$550.00,$467.50,1,freeze-dried
Thermus thermophilus (Oshima and Imahori) Williams et al. (ATCC BAA-951),"For-Profit:
$376.00",unavailable,1,freeze-dried
Geobacillus tepidamans Schäffer et al. (ATCC BAA-943),$550.00,$467.50,1,freeze-dried
Geobacillus tepidamans Schäffer et al. (ATCC BAA-942),$550.00,$467.50,1,freeze-dried
Thiobacter subterraneus (ATCC BAA-941),$550.00,$467.50,1,frozen
Pleomorphomonas oryzae Xie and Yokota (ATCC BAA-940),"For-Profit:
$376.00",unavailable,1,freeze-dried
Dyella japonica Xie and Yokota (ATCC BAA-939),$550.00,$467.50,1,freeze-dried
Sulfurospirillum carboxydovorans (ATCC BAA-937),$550.00,$467.50,1,freeze-dried
Calderomonas acidophila (ATCC BAA-936),$550.00,$467.50,1,freeze-dried
Mycobacterium bovis Karlson and Lessel (ATCC BAA-935),"$1,238.00","$1,052.30",3,frozen
Staphylococcus aureus Rosenbach (ATCC BAA-934),$550.00,$467.50,2,freeze-dried
Methanocorpusculum sinense Zellner et al. (ATCC BAA-933),$550.00,$467.50,1,frozen
Methanolobus vulcani Stetter et al. emend. Kadam and Boone (ATCC BAA-932),$550.00,$467.50,1,frozen
Methanosarcina siciliae (Stetter and Konig) Ni et al. emend. Elberson and Sowers (ATCC BAA-931),$550.00,$467.50,1,frozen
Methanobacterium ivanovii Jain et al. (ATCC BAA-930),$550.00,$467.50,1,frozen
Methanocorpusculum bavaricum Zellner et al. (ATCC BAA-929),$550.00,$467.50,1,frozen
Methanolobus oregonensis (Liu et al.) Boone (ATCC BAA-928),$550.00,$467.50,1,frozen
Methanothermobacter marburgensis Wasserfallen et al. (ATCC BAA-927),$550.00,$467.50,1,frozen
Staphylococcus aureus subsp. aureus Rosenbach (ATCC BAA-926),$550.00,$467.50,2,freeze-dried
Staphylococcus aureus subsp. aureus Rosenbach (ATCC BAA-925),$550.00,$467.50,2,freeze-dried
Nitrincola lacisaponensis Dimitriu et al. (ATCC BAA-920),$550.00,$467.50,1,freeze-dried
Alicyclobacillus vulcanalis (ATCC BAA-915),$550.00,$467.50,1,freeze-dried
Methanogenium organophilum Widdel et al. (ATCC BAA-914),$550.00,$467.50,1,frozen
Methanolobus taylorii Oremland and Boone (ATCC BAA-911),$550.00,$467.50,1,frozen
Bacillus solfatarae (ATCC BAA-910),$550.00,$467.50,1,freeze-dried
Desulfovibrio gracilis Magot et al. (ATCC BAA-904),$550.00,$467.50,1,freeze-dried
Pseudomonas plecoglossicida Nishimori et al. (ATCC BAA-919),$550.00,$467.50,1,freeze-dried
Thermoanaerobacter sp. (ATCC BAA-892),$550.00,$467.50,1,freeze-dried
Microbacterium sp. (ATCC BAA-900),$550.00,$467.50,1,freeze-dried
Haloferax sulfurifontis (ATCC BAA-897),$550.00,$467.50,1,freeze-dried
Asticcacaulis benevestitus Vasilyeva et al. (ATCC BAA-896),$550.00,$467.50,1,freeze-dried
Marinobacter alkaliphilus (ATCC BAA-890),$550.00,$467.50,1,freeze-dried
Marinobacter alkaliphilus (ATCC BAA-889),$550.00,$467.50,1,freeze-dried
Methanohalophilus portucalensis Boone et al. (ATCC BAA-912),$550.00,$467.50,1,frozen
Treponema primitia Graber et al. (ATCC BAA-887),$550.00,$467.50,1,frozen
Vibrio shilonii Kushmaro et al. (ATCC BAA-91),$550.00,$467.50,1,freeze-dried
Mycobacterium sp. (ATCC BAA-884),$550.00,$467.50,2,freeze-dried
Treponema berlinense Nordhoff (ATCC BAA-909),$550.00,$467.50,1,freeze-dried
Desulfovibrio putealis Basso et al. (ATCC BAA-905),$550.00,$467.50,1,freeze-dried
Mycobacterium cosmeticum Cooksey et al. (ATCC BAA-879),$550.00,$467.50,2,freeze-dried
Serratia marcescens subsp. sakuensis Ajithkumar et al. (ATCC BAA-885),$550.00,$467.50,1,freeze-dried
Anoxybacillus amylolyticus (ATCC BAA-872),$550.00,$467.50,1,freeze-dried
Robiginitalea biformata Cho and Giovannoni (ATCC BAA-865),$550.00,$467.50,1,freeze-dried
Stenotrophomonas maltophilia (Hugh) Palleroni and Bradbury (ATCC BAA-902),$550.00,$467.50,1,freeze-dried
Geobacillus thermoleovorans (Zarilla and Perry) Nazina et al. (ATCC BAA-898),$550.00,$467.50,1,freeze-dried
Rhodobacter sp. (ATCC BAA-870),$550.00,$467.50,1,freeze-dried
Rhodobacter sp. (ATCC BAA-869),$550.00,$467.50,1,freeze-dried
Oceanicola granulosus Cho and Giovannoni (ATCC BAA-862),$550.00,$467.50,1,freeze-dried
Robiginitalea biformata Cho and Giovannoni (ATCC BAA-864),$550.00,$467.50,1,freeze-dried
Oceanicola batsensis Cho and Giovannoni (ATCC BAA-863),$550.00,$467.50,1,freeze-dried
Rhodobacter sp. (ATCC BAA-867),$550.00,$467.50,1,freeze-dried
Oceanicola granulosus Cho and Giovannoni (ATCC BAA-861),$550.00,$467.50,1,freeze-dried
Lentisphaera araneosa Cho et al. (ATCC BAA-860),$550.00,$467.50,1,freeze-dried
Lentisphaera araneosa Cho et al. (ATCC BAA-859),$550.00,$467.50,1,freeze-dried
Myxococcus fulvus (Cohn) Jahn (ATCC BAA-855),$550.00,$467.50,1,freeze-dried
Halobacterium noricense Gruber et al. (ATCC BAA-852),$550.00,$467.50,1,freeze-dried
Mycobacterium senegalense (Chamoiseau) Chamoiseau (ATCC BAA-851),$550.00,$467.50,2,freeze-dried
Mycobacterium senegalense (Chamoiseau) Chamoiseau (ATCC BAA-850),$550.00,$467.50,2,freeze-dried
Mycobacterium senegalense (Chamoiseau) Chamoiseau (ATCC BAA-849),$550.00,$467.50,2,freeze-dried
Halomonas alkaliantarctica (ATCC BAA-848),$550.00,$467.50,1,freeze-dried
Mixed culture (ATCC BAA-845),$550.00,$467.50,1,frozen
Paenibacillus anaericanus Horn et al. (ATCC BAA-844),$550.00,$467.50,1,freeze-dried
Paenibacillus terrae Yoon et al. (ATCC BAA-843),$550.00,$467.50,1,freeze-dried
Flavobacterium denitrificans Horn et al. (ATCC BAA-842),$550.00,$467.50,1,freeze-dried
Dechloromonas denitrificans (ATCC BAA-841),$550.00,$467.50,1,freeze-dried
Acetobacterium malicum Tanaka and Pfennig (ATCC BAA-840),"For-Profit:
$376.00",unavailable,1,freeze-dried
Asaia bogorensis Yamada et al. (ATCC BAA-838),$550.00,$467.50,2,freeze-dried
Mycobacterium sherrisii Selvarangan et al. (ATCC BAA-834),$550.00,$467.50,2,freeze-dried
Mycobacterium sherrisii Selvarangan et al. (ATCC BAA-832),$550.00,$467.50,2,freeze-dried
Burkholderia tropica Reis et al. (ATCC BAA-831),$550.00,$467.50,1,freeze-dried
Pseudomonas aeruginosa (Schroeter) Migula (ATCC BAA-83),$550.00,$467.50,2,freeze-dried
Pseudomonas aeruginosa bacteriophage Lindberg 73 (ATCC BAA-83-B1),$550.00,$467.50,1,freeze-dried
Cloacibacterium normanense Allen et al. (ATCC BAA-825),$550.00,$467.50,1,freeze-dried
Mycobacterium caprae Aranaz et al. (ATCC BAA-824),"$1,238.00","$1,052.30",3,frozen
Cryptanaerobacter phenolicus Juteau et al. (ATCC BAA-820),$550.00,$467.50,1,frozen
Pseudomonas aeruginosa (Schroeter) Migula (ATCC BAA-82),$550.00,$467.50,2,freeze-dried
Pseudomonas aeruginosa bacteriophage Lindberg 68 (ATCC BAA-82-B1),$550.00,$467.50,1,freeze-dried
Geobacillus caldoproteolyticus (ATCC BAA-818),$550.00,$467.50,1,freeze-dried
Microvirga flocculans (Takeda et al.) Weon et al. (ATCC BAA-817),$550.00,$467.50,1,freeze-dried
Gelidibacter mesophilus Macian et al. (ATCC BAA-813),unavailable,unavailable,1,freeze-dried
Herbaspirillum huttiense subsp. putei (ATCC BAA-806),$550.00,$467.50,1,freeze-dried
Brevibacterium celere Ivanova et al. (ATCC BAA-810),$550.00,$467.50,1,freeze-dried
Halomonas meridiana James et al. (ATCC BAA-804),$550.00,$467.50,1,freeze-dried
Staphylococcus aureus Rosenbach (ATCC BAA-811),$550.00,$467.50,2,freeze-dried
Halomonas sulfidaeris Kaye et al. (ATCC BAA-803),$550.00,$467.50,1,freeze-dried
Halomonas hydrothermalis Kaye et al. (ATCC BAA-800),$550.00,$467.50,1,freeze-dried
Halomonas neptunia Kaye et al. (ATCC BAA-805),$550.00,$467.50,1,freeze-dried
Microbacterium sp. (ATCC BAA-799),$550.00,$467.50,2,freeze-dried
Cyclobacterium virginiensis (ATCC BAA-784),$550.00,$467.50,1,freeze-dried
Clavibacter fangii (ATCC BAA-783),$550.00,$467.50,1,freeze-dried
Pigmentiphaga kullae Blumel et al. (ATCC BAA-795),$550.00,$467.50,1,freeze-dried
Polaromonas naphthalenivorans (ATCC BAA-779),$550.00,$467.50,1,freeze-dried
Corynebacterium camporealensis Fernandez-Garayzabal et al. (ATCC BAA-77),$550.00,$467.50,1,freeze-dried
Halomonas axialensis Kaye et al. (ATCC BAA-802),$550.00,$467.50,1,freeze-dried
Pseudomonas aeruginosa (Schroeter) Migula (ATCC BAA-80),$550.00,$467.50,2,freeze-dried
Halomonas meridiana James et al. (ATCC BAA-801),$550.00,$467.50,1,freeze-dried
Spirosoma escalantus (ATCC BAA-768),$550.00,$467.50,1,freeze-dried
Gelidibacter salipaludis (ATCC BAA-785),$550.00,$467.50,1,freeze-dried
Bacillus psychrodurans Abd El-Rahman et al. (ATCC BAA-796),$550.00,$467.50,1,freeze-dried
Enterococcus sp. (ATCC BAA-781),$550.00,$467.50,2,freeze-dried
Spirosoma navajo (ATCC BAA-763),$550.00,$467.50,1,freeze-dried
Carnimonas nigrificans Garriga et al. (ATCC BAA-78),$550.00,$467.50,1,freeze-dried
Marinobacter squalenivorans (ATCC BAA-792),$550.00,$467.50,1,freeze-dried
Azospira oryzae Reinhold-Hurek and Hurek emend. Tan and Reinhold-Hurek (ATCC BAA-777),$550.00,$467.50,2,frozen
Pseudomonas aeruginosa bacteriophage Lindberg 31 (ATCC BAA-81-B2),$550.00,$467.50,1,freeze-dried
Dechloromonas hortensis Wolterink et al. (ATCC BAA-776),$550.00,$467.50,1,freeze-dried
Pseudomonas aeruginosa (Schroeter) Migula (ATCC BAA-79),$550.00,$467.50,2,freeze-dried
Pseudomonas aeruginosa bacteriophage Lindberg 24 (ATCC BAA-79-B1),$550.00,$467.50,1,freeze-dried
Carnobacterium pleistocenium Pikuta et al. (ATCC BAA-754),$550.00,$467.50,1,freeze-dried
Mycobacterium holsaticum Richter et al. (ATCC BAA-772),$550.00,$467.50,2,freeze-dried
Spirosoma navajo (ATCC BAA-764),$550.00,$467.50,1,freeze-dried
Spirosoma escalantus (ATCC BAA-767),$550.00,$467.50,1,freeze-dried
Escherichia coli (Migula) Castellani and Chalmers (ATCC BAA-769),$376.00,$319.60,1,freeze-dried
Spirosoma escalantus (ATCC BAA-766),$550.00,$467.50,1,freeze-dried
Nitratireductor aquibiodomus Labbe et al. (ATCC BAA-762),$550.00,$467.50,1,freeze-dried
Xenophilus azovorans Blumel et al. (ATCC BAA-794),$550.00,$467.50,1,freeze-dried
Spirosoma navajo (ATCC BAA-765),$550.00,$467.50,1,freeze-dried
Planococcus rifietoensis Romano et al. (ATCC BAA-790),$550.00,$467.50,1,freeze-dried
Halomonas boliviensis Quillaguamán et al. (ATCC BAA-760),$550.00,$467.50,1,freeze-dried
Helicobacter cinaedi (Totten et al.) Vandamme et al. (ATCC BAA-76),$550.00,$467.50,2,freeze-dried
Chromohalobacter sarecensis Quillaguamán et al. (ATCC BAA-761),$550.00,$467.50,1,freeze-dried
Trichococcus patagoniensis Pikuta et al. (ATCC BAA-756),$550.00,$467.50,1,freeze-dried
Listeria ivanovii subsp. londoniensis Boerlin et al. (ATCC BAA-753),$550.00,$467.50,2,freeze-dried
Mycobacterium holsaticum Richter et al. (ATCC BAA-771),$550.00,$467.50,2,freeze-dried
Burkholderia unamae Caballero-Mellado et al. (ATCC BAA-746),$550.00,$467.50,1,freeze-dried
Halosimplex carlsbadense Vreeland et al. (ATCC BAA-75),$550.00,$467.50,1,freeze-dried
Burkholderia unamae Caballero-Mellado et al. (ATCC BAA-745),$550.00,$467.50,1,freeze-dried
Meganema perideroedes Thomsen et al. (ATCC BAA-740),$550.00,$467.50,1,freeze-dried
Legionella pneumophila Brenner et al. (ATCC BAA-74),$550.00,$467.50,2,freeze-dried
Bacillus coagulans Hammer (ATCC BAA-738),$550.00,$467.50,1,freeze-dried
Psychroflexus tropicus (ATCC BAA-734),$550.00,$467.50,1,freeze-dried
Selenihalanaerobacter shriftii Blum et al. (ATCC BAA-73),$550.00,$467.50,1,frozen
Neisseria meningitidis (Albrecht and Ghon) Murray (ATCC BAA-729),$550.00,$467.50,2,freeze-dried
Amycolatopsis rubida Huang et al. (ATCC BAA-726),$550.00,$467.50,1,freeze-dried
Psychromonas marina Kawasaki et al. (ATCC BAA-724),$550.00,$467.50,1,freeze-dried
Sporosarcina aquimarina Yoon et al. (ATCC BAA-723),$550.00,$467.50,1,freeze-dried
Salinicoccus alkaliphilus Zhang et al. (ATCC BAA-722),$550.00,$467.50,1,freeze-dried
Lentibacillus salicampi Yoon et al. (ATCC BAA-719),$550.00,$467.50,1,freeze-dried
Bifidobacterium sp. (ATCC BAA-718),$550.00,$467.50,1,freeze-dried
Capnocytophaga sp. (ATCC BAA-717),$550.00,$467.50,1,freeze-dried
Brevibacillus invocatus Logan et al. (ATCC BAA-715),$550.00,$467.50,1,freeze-dried
Methylobacterium lusitanum Doronina et al. (ATCC BAA-714),$550.00,$467.50,1,freeze-dried
Methylobacterium suomiense Doronina et al. (ATCC BAA-713),$550.00,$467.50,1,freeze-dried
Salmonella enterica subsp. enterica (ex Kauffmann and Edwards) Le Minor and Popoff serovar Typhimurium (ATCC BAA-712),$550.00,$467.50,2,freeze-dried
Enteric group 137 (ATCC BAA-71),$550.00,$467.50,2,freeze-dried
Massilia sp. (ATCC BAA-704),$550.00,$467.50,2,freeze-dried
Massilia timonae La Scola et al. (ATCC BAA-703),$550.00,$467.50,2,freeze-dried
Massilia timonae La Scola et al. (ATCC BAA-702),$550.00,$467.50,2,freeze-dried
Massilia timonae La Scola et al. (ATCC BAA-701),$550.00,$467.50,2,freeze-dried
Cupriavidus campinensis (Goris et al. 2001) Vandamme and Coenye 2004 (ATCC BAA-700),$550.00,$467.50,1,freeze-dried
Enteric group 137 (ATCC BAA-70),$550.00,$467.50,2,freeze-dried
Moryella indoligenes (ATCC BAA-695),$550.00,$467.50,2,freeze-dried
Legionella sp. (ATCC BAA-693),unavailable,unavailable,2,freeze-dried
Enteric group 137 (ATCC BAA-69),$550.00,$467.50,2,freeze-dried
Methanotorris formicicus Takai et al. (ATCC BAA-687),$550.00,$467.50,1,frozen
Enteric group 137 (ATCC BAA-68),$550.00,$467.50,2,freeze-dried
Hespellia stercorisuis Whitehead et al. (ATCC BAA-676),$550.00,$467.50,1,freeze-dried
Hespellia porcina Whitehead et al. (ATCC BAA-675),$550.00,$467.50,1,freeze-dried
Hespellia porcina Whitehead et al. (ATCC BAA-674),$550.00,$467.50,1,freeze-dried
Pectobacterium atrosepticum (van Hall) Gardan et al. (ATCC BAA-673),$550.00,$467.50,1,freeze-dried
Streptomyces melanosporofaciens Arcamone et al. (ATCC BAA-670),$550.00,$467.50,1,freeze-dried
Streptomyces melanosporofaciens Arcamone et al. (ATCC BAA-669),$550.00,$467.50,1,freeze-dried
Streptomyces melanosporofaciens Arcamone et al. (ATCC BAA-668),$550.00,$467.50,1,freeze-dried
Fulvimarina pelagi Cho and Giovannoni (ATCC BAA-666),$550.00,$467.50,1,frozen
Propionispora hippei Abou-Zeid et al. (ATCC BAA-665),$550.00,$467.50,1,freeze-dried
Salmonella enterica subsp. enterica (ex Kauffmann and Edwards) Le Minor and Popoff serovar Braenderup (ATCC BAA-664),$402.00,$341.70,2,freeze-dried
Paralactobacillus selangorensis Leisner et al. (ATCC BAA-66),$550.00,$467.50,1,freeze-dried
Streptococcus pneumoniae (Klein) Chester (ATCC BAA-658),$550.00,$467.50,2,freeze-dried
Halobacterium sp. (ATCC BAA-656),$550.00,$467.50,1,freeze-dried
Halobacterium sp. (ATCC BAA-655),$550.00,$467.50,1,freeze-dried
Halobacterium sp. (ATCC BAA-654),$550.00,$467.50,1,freeze-dried
Halobacterium sp. (ATCC BAA-653),$550.00,$467.50,1,freeze-dried
Haloarcula sp. (ATCC BAA-652),$550.00,$467.50,1,freeze-dried
Haloarcula sp. (ATCC BAA-651),$550.00,$467.50,1,freeze-dried
Pandoraea norimbergensis (Wittke et al.) Coenye et al. (ATCC BAA-65),"For-Profit:
$376.00",unavailable,1,freeze-dried
Halobacterium sp. (ATCC BAA-649),$550.00,$467.50,1,freeze-dried
Halobacterium sp. (ATCC BAA-648),$550.00,$467.50,1,freeze-dried
Halobacterium sp. (ATCC BAA-647),$550.00,$467.50,1,freeze-dried
Haloferax sp. (ATCC BAA-646),$550.00,$467.50,1,freeze-dried
Haloferax sp. (ATCC BAA-645),$550.00,$467.50,1,freeze-dried
Desulfitobacterium metallireducens Finneran et al. (ATCC BAA-636),$550.00,$467.50,1,frozen
Geothermobacter ehrlichii Kashefi et al. (ATCC BAA-635),$550.00,$467.50,1,frozen
Myroides odoratimimus Vancanneyt et al. (ATCC BAA-634),$550.00,$467.50,2,freeze-dried
Serratia marcescens Bizio (ATCC BAA-632),$550.00,$467.50,1,freeze-dried
Microbulbifer arenaceous (ATCC BAA-631),$550.00,$467.50,1,freeze-dried
Thermobifida fusca (McCarthy and Cross) Zhang et al. (ATCC BAA-630),$550.00,$467.50,1,freeze-dried
Croceibacter atlanticus (ATCC BAA-628),$550.00,$467.50,1,freeze-dried
Sporotalea propionica (ATCC BAA-626),$550.00,$467.50,1,freeze-dried
Sporomusa aerivorans Boga et al. (ATCC BAA-625),$550.00,$467.50,1,freeze-dried
Clostridium ragsdalei (ATCC BAA-622),$550.00,$467.50,1,freeze-dried
Acinetobacter schindleri Nemec et al. (ATCC BAA-618),$550.00,$467.50,2,freeze-dried
Pelotomaculum schinkii de Bok et al. (ATCC BAA-615),$550.00,$467.50,1,freeze-dried
Pandoraea apista Coenye et al. (ATCC BAA-61),$550.00,$467.50,2,freeze-dried
Moorella mulderi Balk et al. (ATCC BAA-608),$550.00,$467.50,1,freeze-dried
Enterovibrio calviensis (Denner et al.) Pascual et al. (ATCC BAA-606),$550.00,$467.50,1,freeze-dried
Geobacter pelophilus Straub and Buchholz-Cleven (ATCC BAA-603),$550.00,$467.50,1,freeze-dried
Pasteurella multocida subsp. tigris Capitini et al. (ATCC BAA-600),$550.00,$467.50,2,freeze-dried
Enterococcus columbae Devriese et al. (ATCC BAA-598),$550.00,$467.50,2,freeze-dried
Enterococcus cecorum (Devriese et al.) Williams et al. (ATCC BAA-597),$550.00,$467.50,2,freeze-dried
Parvularcula bermudensis Cho and Giovannoni (ATCC BAA-594),$550.00,$467.50,1,freeze-dried
Azospira oryzae Reinhold-Hurek and Hurek emend. Tan and Reinhold-Hurek (ATCC BAA-592),$550.00,$467.50,1,freeze-dried
Ruegeria pomeroyi (Gonzalez et al.) Yi et al. (ATCC BAA-590),"For-Profit:
$550.00",unavailable,1,freeze-dried
Helcococcus ovis Collins et al. (ATCC BAA-59),$550.00,$467.50,1,freeze-dried
Arthrobacter sp. (ATCC BAA-586),"For-Profit:
$376.00",unavailable,1,freeze-dried
Acidocella sp. (ATCC BAA-585),$550.00,$467.50,1,freeze-dried
Clavibacter sp. (ATCC BAA-584),$550.00,$467.50,1,freeze-dried
Clostridium psychrophilum Spring et al. (ATCC BAA-582),$550.00,$467.50,1,frozen
Clostridium bowmanii Spring et al. (ATCC BAA-581),$550.00,$467.50,1,frozen
Clostridium lacusfryxellense Spring et al. (ATCC BAA-580),$550.00,$467.50,1,frozen
Desulfotomaculum solfataricum Goorissen et al. (ATCC BAA-573),$550.00,$467.50,1,freeze-dried
Sphingobium cloacae (Fujii et al.) Prakash and Lal (ATCC BAA-570),$550.00,$467.50,1,freeze-dried
Pseudomonas syringae Van Hall pathovar alisalensis (ATCC BAA-566),$550.00,$467.50,1,freeze-dried
Mycobacterium tusciae Tortoli et al. (ATCC BAA-564),$550.00,$467.50,2,freeze-dried
Sulfurihydrogenibium subterraneum Takai et al. (ATCC BAA-562),$550.00,$467.50,1,freeze-dried
Gordonia lacunae le Roes et al. (ATCC BAA-560),$550.00,$467.50,1,freeze-dried
Gordonia sp. (ATCC BAA-558),$550.00,$467.50,1,freeze-dried
Salmonella enterica subsp. enterica (ex Kauffmann and Edwards) Le Minor and Popoff serovar Glostrup (ATCC BAA-556),$550.00,$467.50,2,freeze-dried
Delftia tsuruhatensis Shigematsu et al. (ATCC BAA-554),$550.00,$467.50,1,freeze-dried
Pantoea ananatis (Serrano) Mergaert et al. (ATCC BAA-553),$550.00,$467.50,1,freeze-dried
Leahibacter roseus (ATCC BAA-552),$550.00,$467.50,1,freeze-dried
Bacillus naphthovorans Zhuang et al. (ATCC BAA-550),$550.00,$467.50,1,freeze-dried
Mycobacterium saskatchewanense (ATCC BAA-544),"For-Profit:
$376.00",unavailable,2,freeze-dried
Cellulomonas sp. (ATCC BAA-543),$550.00,$467.50,1,freeze-dried
Anaerobaculum mobile Menes and Muxi (ATCC BAA-54),$550.00,$467.50,1,freeze-dried
Cellulomonas sp. (ATCC BAA-541),$550.00,$467.50,1,freeze-dried
Anoxybacillus kamchatkensis (ATCC BAA-549),$550.00,$467.50,1,freeze-dried
Mycobacterium manitobense (ATCC BAA-545),$550.00,$467.50,2,freeze-dried
Cellulomonas sp. (ATCC BAA-542),$550.00,$467.50,1,freeze-dried
Legionella spiritensis Brenner et al. (ATCC BAA-537),$550.00,$467.50,2,freeze-dried
Rhodoglobus vestalii Sheridan et al. (ATCC BAA-534),$550.00,$467.50,1,freeze-dried
Legionella quinlivanii Benson et al. (ATCC BAA-538),$550.00,$467.50,2,freeze-dried
Sinorhizobium americanum Toledo et al. (ATCC BAA-533),$550.00,$467.50,1,freeze-dried
Sinorhizobium americanum Toledo et al. (ATCC BAA-532),$550.00,$467.50,1,freeze-dried
Spiroplasma leucomae Oduori et al. (ATCC BAA-521),$550.00,$467.50,1,freeze-dried
Spiroplasma sp. (ATCC BAA-524),$550.00,$467.50,1,freeze-dried
Spiroplasma sp. (ATCC BAA-522),$550.00,$467.50,1,freeze-dried
Pantoea ananatis (Serrano) Mergaert et al. (ATCC BAA-516),$550.00,$467.50,1,freeze-dried
Spiroplasma atrichopogonis Koerber et al. (ATCC BAA-520),$550.00,$467.50,1,freeze-dried
Xanthomonas campestris (Pammel) Dowson (ATCC BAA-507),$550.00,$467.50,1,freeze-dried
Legionella busanensis Park et al. (ATCC BAA-518),$550.00,$467.50,2,freeze-dried
Pantoea ananatis (Serrano) Mergaert et al. (ATCC BAA-515),$550.00,$467.50,1,freeze-dried
Snodgrassella alvi (ATCC BAA-2449),$376.00,$319.60,1,freeze-dried
Staphylococcus epidermidis (Winslow and Winslow) Evans (ATCC BAA-514),$550.00,$467.50,1,frozen
Campylobacter jejuni subsp. jejuni (Jones et al.) Veron and Chatelain (ATCC BAA-527),$550.00,$467.50,2,freeze-dried
Geotoga aestuarianus (ATCC BAA-526),$550.00,$467.50,1,freeze-dried
Xanthomonas campestris (Pammel) Dowson (ATCC BAA-506),$550.00,$467.50,1,freeze-dried
Micrococcus lylae Kloos et al. (ATCC BAA-513),$550.00,$467.50,1,freeze-dried
Bacillus nealsonii Venkateswaran et al. (ATCC BAA-519),$550.00,$467.50,1,freeze-dried
Xanthomonas campestris (Pammel) Dowson (ATCC BAA-508),$550.00,$467.50,1,freeze-dried
Xanthomonas campestris (Pammel) Dowson (ATCC BAA-505),$550.00,$467.50,1,freeze-dried
Pantoea ananatis (Serrano) Mergaert et al. (ATCC BAA-517),$550.00,$467.50,1,freeze-dried
Anaerobranca gottschalkii Prowe and Antranikian (ATCC BAA-51),$550.00,$467.50,1,freeze-dried
Bartonella henselae (Regnery et al.) Brenner et al. (ATCC 49793),$376.00,$319.60,2,freeze-dried
Salmonella enterica subsp. enterica (ex Kauffmann and Edwards) Le Minor and Popoff serovar Reading (ATCC 6967),$376.00,$319.60,2,freeze-dried
Leptospira interrogans (Stimson) Wenyon (ATCC 700257),$376.00,$319.60,2,frozen
Kurthia gibsonii Shaw and Keddie (ATCC 43195),$376.00,$319.60,1,freeze-dried
Rhodococcus ruber (Kruse) Goodfellow and Alderson (ATCC 29672),$376.00,$319.60,1,freeze-dried
Moellerella wisconsensis Hickman-Brenner (ATCC 35621),$376.00,$319.60,2,freeze-dried
Paracoccus pantotrophus (Robertson and Kuenen) Rainey et al. (ATCC 35512),$376.00,$319.60,1,freeze-dried
Streptomyces gilvosporeus Krasil'nikov (ATCC 13326),$376.00,$319.60,1,freeze-dried
Streptococcus pyogenes Rosenbach (ATCC 12202),$376.00,$319.60,2,freeze-dried
Xanthomonas campestris (Pammel) Dowson (ATCC BAA-504),$550.00,$467.50,1,freeze-dried
Caloramator uzoniensis (ATCC BAA-503),$550.00,$467.50,1,freeze-dried
Soehngenia saccharolytica Parshina et al. (ATCC BAA-502),$550.00,$467.50,1,freeze-dried
Clostridium amygdalinum Parshina et al. (ATCC BAA-501),$550.00,$467.50,1,freeze-dried
Solirubrobacter pauli Singleton et al. (ATCC BAA-492),$550.00,$467.50,1,freeze-dried
Mycobacterium gadium Casal and Calero (ATCC BAA-496),$550.00,$467.50,1,freeze-dried
Kocuria rhizophila Kovacs et al. (ATCC BAA-50),$550.00,$467.50,1,freeze-dried
Mycobacterium sp. (ATCC BAA-498),$550.00,$467.50,1,freeze-dried
Lactovum miscens Matthies et al. (ATCC BAA-490),$550.00,$467.50,1,freeze-dried
Mycobacterium aichiense (Tsukamura) Tsukamura (ATCC BAA-495),$550.00,$467.50,1,freeze-dried
Mycobacterium tusciae Tortoli et al. (ATCC BAA-497),$550.00,$467.50,1,freeze-dried
Mycobacterium rhodesiae (Tsukamura et al.) Tsukamura (ATCC BAA-494),$550.00,$467.50,1,freeze-dried
Thermotoga naphthophila Takahata et al. (ATCC BAA-489),"For-Profit:
$376.00",unavailable,1,freeze-dried
Mycobacterium phlei Lehmann and Neumann (ATCC BAA-486),$550.00,$467.50,1,freeze-dried
Virgisporangium ochraceum Tamura et al. (ATCC BAA-484),$550.00,$467.50,1,freeze-dried
Thermus thermophilus (Oshima and Imahori) Williams et al. (ATCC BAA-485),$550.00,$467.50,1,freeze-dried
Mitsuaria chitosanitabida Amakata et al. (ATCC BAA-476),$550.00,$467.50,1,freeze-dried
Saccharothrix tangerinus Kinoshita et al. (ATCC BAA-481),$550.00,$467.50,1,freeze-dried
Streptomyces violaceoruber (Waksman and Curtis) Pridham (ATCC BAA-471),$402.00,$341.70,1,freeze-dried
Lactobacillus versmoldensis Krockel et al. (ATCC BAA-478),$550.00,$467.50,1,freeze-dried
Tepidimonas aquatica Freitas et al. (ATCC BAA-469),$550.00,$467.50,1,freeze-dried
Corynebacterium felinum Collins et al. (ATCC BAA-468),$550.00,$467.50,1,freeze-dried
Corynebacterium testudinoris Collins et al. (ATCC BAA-467),"For-Profit:
$376.00",unavailable,1,freeze-dried
Facklamia miroungae Hoyles et al. (ATCC BAA-466),$550.00,$467.50,1,freeze-dried
Burkholderia fungorum Coenye et al. (ATCC BAA-463),$550.00,$467.50,1,freeze-dried
Escherichia coli (Migula) Castellani and Chalmers (ATCC BAA-460),$550.00,$467.50,2,freeze-dried
Geobacter grbiciae Coates et al. (ATCC BAA-46),$550.00,$467.50,1,frozen
Tenacibaculum skagerrakense Frette et al. (ATCC BAA-459),$550.00,$467.50,1,freeze-dried
Tenacibaculum skagerrakense Frette et al. (ATCC BAA-458),"For-Profit:
$376.00",unavailable,1,freeze-dried
Escherichia coli (Migula) Castellani and Chalmers (ATCC BAA-457),$550.00,$467.50,2,freeze-dried
Butyrivibrio hungatei Kopecny et al. (ATCC BAA-456),$550.00,$467.50,1,freeze-dried
Pseudobutyrivibrio xylanivorans Kopecny et al. (ATCC BAA-455),$550.00,$467.50,1,freeze-dried
Escherichia coli (Migula) Castellani and Chalmers (ATCC BAA-454),$550.00,$467.50,2,freeze-dried
Rubrobacter taiwanensis Chen et al. (ATCC BAA-452),$550.00,$467.50,1,freeze-dried
Pseudoxanthomonas taiwanensis Chen et al. (ATCC BAA-451),$550.00,$467.50,1,freeze-dried
Geobacter grbiciae Coates et al. (ATCC BAA-45),$550.00,$467.50,1,frozen
Roseospira marina Guyoneaud et al. (ATCC BAA-447),$550.00,$467.50,1,freeze-dried
Pseudoalteromonas rubra (Gauthier) Gauthier et al. (ATCC BAA-446),$550.00,$467.50,1,freeze-dried
Pseudoalteromonas peptidolytica Venkateswaran and Dohmoto (ATCC BAA-445),$550.00,$467.50,1,freeze-dried
Alteromonas macleodii Baumann et al. (ATCC BAA-444),$550.00,$467.50,1,freeze-dried
Helicobacter canadensis Fox et al. (ATCC BAA-439),$550.00,$467.50,2,freeze-dried
Clostridium sp. (ATCC BAA-442),$550.00,$467.50,1,freeze-dried
Staphylococcus aureus subsp. aureus Rosenbach (ATCC BAA-42),$402.00,$341.70,2,freeze-dried
Helicobacter canadensis Fox et al. (ATCC BAA-438),$550.00,$467.50,2,freeze-dried
Helicobacter winghamensis Melito et al. (ATCC BAA-434),$550.00,$467.50,2,frozen
Thermoanaerobacterium bryantii (ATCC BAA-415),$550.00,$467.50,1,freeze-dried
Pseudomonas chloritidismutans Wolterink et al. (ATCC BAA-443),$550.00,$467.50,1,freeze-dried
Enterococcus phoeniculicola Law Brown and Meyers (ATCC BAA-412),$550.00,$467.50,1,freeze-dried
Streptomyces speibonae Meyers et al. (ATCC BAA-411),$550.00,$467.50,1,freeze-dried
Helicobacter canadensis Fox et al. (ATCC BAA-437),$550.00,$467.50,2,freeze-dried
Ramlibacter tataouinensis Heulin et al. (ATCC BAA-407),$550.00,$467.50,1,freeze-dried
Cycloclasticus spirillensus Chung and King (ATCC BAA-421),$550.00,$467.50,1,freeze-dried
Saprospira nana Gross (ATCC BAA-424),$550.00,$467.50,1,freeze-dried
Helicobacter winghamensis Melito et al. (ATCC BAA-432),$550.00,$467.50,2,freeze-dried
Helicobacter winghamensis Melito et al. (ATCC BAA-431),$550.00,$467.50,2,freeze-dried
Albidovulum inexpectatum Albuquerque et al. (ATCC BAA-387),$550.00,$467.50,1,freeze-dried
Rubritepida flocculans Alarico et al. (ATCC BAA-385),$550.00,$467.50,1,freeze-dried
Ureibacillus terrenus Fortina et al. (ATCC BAA-384),$550.00,$467.50,1,freeze-dried
Helicobacter winghamensis Melito et al. (ATCC BAA-435),$550.00,$467.50,2,frozen
Lutibacterium anuloederans Chung and King (ATCC BAA-420),$550.00,$467.50,1,freeze-dried
Paenibacillus tropicalis (ATCC BAA-414),$550.00,$467.50,1,freeze-dried
Ramlibacter henchirensis Heulin et al. (ATCC BAA-408),$550.00,$467.50,1,freeze-dried
Helicobacter winghamensis Melito et al. (ATCC BAA-433),$550.00,$467.50,2,freeze-dried
Agromyces rhizospherae Takeuchi and Hatano (ATCC BAA-402),$550.00,$467.50,1,freeze-dried
Pasteurella multocida subsp. multocida (Lehmann and Neumann) Rosenbusch and Merchant (ATCC BAA-428),$550.00,$467.50,2,freeze-dried
Mycobacterium chesapeaki Heckert et al. (ATCC BAA-422),$550.00,$467.50,2,freeze-dried
Agromyces luteolus Takeuchi and Hatano (ATCC BAA-401),$550.00,$467.50,1,freeze-dried
Meiothermus taiwanensis Chen et al. (ATCC BAA-399),$550.00,$467.50,1,freeze-dried
Desulfonatronum thiodismutans Pikuta et al. (ATCC BAA-395),$550.00,$467.50,1,freeze-dried
Tindallia californiensis Pikuta et al. (ATCC BAA-393),$550.00,$467.50,1,freeze-dried
Truepera sp. (ATCC BAA-389),$550.00,$467.50,1,freeze-dried
Albidovulum inexpectatum Albuquerque et al. (ATCC BAA-388),$550.00,$467.50,1,freeze-dried
Porphyrobacter cryptus da Costa et al. (ATCC BAA-386),$550.00,$467.50,1,freeze-dried
Lysinibacillus sphaericus (ATCC BAA-380),$550.00,$467.50,1,freeze-dried
Thermococcus thioreducens (ATCC BAA-394),$550.00,$467.50,1,freeze-dried
Mycobacterium palustre Torkko et al. (ATCC BAA-377),$550.00,$467.50,1,freeze-dried
Spirochaeta americana Hoover et al. (ATCC BAA-392),$550.00,$467.50,1,frozen
Lysinibacillus sphaericus (ATCC BAA-379),$550.00,$467.50,1,freeze-dried
Pseudoalteromonas sp. Gauthier et al. (ATCC BAA-376),$550.00,$467.50,1,freeze-dried
Thermus taiwanensis (ATCC BAA-405),$550.00,$467.50,1,freeze-dried
Pseudoxanthomonas taiwanensis Chen et al. (ATCC BAA-404),$550.00,$467.50,1,freeze-dried
Meiothermus taiwanensis Chen et al. (ATCC BAA-400),$550.00,$467.50,1,freeze-dried
Sinorhizobium sp. (ATCC BAA-396),$550.00,$467.50,1,freeze-dried
Lysinibacillus sphaericus (ATCC BAA-378),$550.00,$467.50,1,freeze-dried
Campylobacter jejuni subsp. jejuni (Jones et al.) Veron and Chatelain (ATCC BAA-374),$550.00,$467.50,2,freeze-dried
Campylobacter jejuni subsp. jejuni (Jones et al.) Veron and Chatelain (ATCC BAA-375),$550.00,$467.50,2,freeze-dried
Campylobacter coli (Doyle) Veron and Chatelain (ATCC BAA-370),"For-Profit:
$376.00",unavailable,2,freeze-dried
Rhodopseudomonas palustris (Molisch) van Niel (ATCC BAA-37),$550.00,$467.50,1,freeze-dried
Streptococcus pyogenes Rosenbach (ATCC BAA-363),$550.00,$467.50,2,freeze-dried
Streptococcus pyogenes Rosenbach (ATCC BAA-361),$550.00,$467.50,2,freeze-dried
Streptococcus pyogenes Rosenbach (ATCC BAA-360),$550.00,$467.50,2,freeze-dried
Streptococcus pyogenes Rosenbach (ATCC BAA-359),$550.00,$467.50,2,freeze-dried
Streptococcus pyogenes Rosenbach (ATCC BAA-358),$550.00,$467.50,2,freeze-dried
Streptococcus pyogenes Rosenbach (ATCC BAA-355),$550.00,$467.50,2,freeze-dried
Psychromonas kaikoae Nogi et al. (ATCC BAA-353),$550.00,$467.50,1,frozen
Enterococcus gilvus Tyrrell et al. (ATCC BAA-350),$550.00,$467.50,2,freeze-dried
Rubrivivax benzoatilyticus Ramana et al. (ATCC BAA-35),$550.00,$467.50,1,freeze-dried
Pediococcus claussenii Dobson et al. (ATCC BAA-344),$550.00,$467.50,1,freeze-dried
Exiguobacterium aurantiacum Collins et al. (ATCC BAA-333),$550.00,$467.50,1,freeze-dried
Mycobacterium septicum Schinsky et al. (ATCC BAA-329),$550.00,$467.50,2,freeze-dried
Mycobacterium porcinum Tsukamura et al. (ATCC BAA-328),$550.00,$467.50,2,freeze-dried
Flavobacterium mizutaii (Yabuuchi et al.) Holmes et al. (ATCC BAA-327),$550.00,$467.50,1,freeze-dried
Mycobacterium elephantis Shojaei et al. (ATCC BAA-324),$550.00,$467.50,2,freeze-dried
Kocuria rosea (Flugge) Stackebrandt et al. (ATCC BAA-325),$550.00,$467.50,1,freeze-dried
Pseudomonas aeruginosa (ATCC BAA-3108),$395.00,$395.00,2,frozen
Pseudomonas aeruginosa (Schroeter) Migula (ATCC BAA-3102),"For-Profit:
$376.00",unavailable,2,frozen
Vibrio equitatus (ATCC BAA-319),$550.00,$467.50,1,freeze-dried
Shewanella japonica Ivanova et al. (ATCC BAA-317),$550.00,$467.50,1,freeze-dried
Idiomarina abyssalis Ivanova et al. (ATCC BAA-312),$550.00,$467.50,1,freeze-dried
Serratia marcescens Bizio (ATCC BAA-3111),$395.00,$395.00,2,frozen
Pseudoalteromonas paragorgicola Ivanova et al. (ATCC BAA-322),$550.00,$467.50,1,freeze-dried
Pseudoalteromonas translucida Ivanova et al. (ATCC BAA-315),$550.00,$467.50,1,freeze-dried
Pseudomonas aeruginosa (Schroeter) Migula (ATCC BAA-3096),$395.00,$395.00,2,frozen
Idiomarina zobellii Ivanova et al. (ATCC BAA-313),$550.00,$467.50,1,freeze-dried
Sulfitobacter delicatus Ivanova et al. (ATCC BAA-321),$550.00,$467.50,1,freeze-dried
Pseudomonas aeruginosa (Schroeter) Migula (ATCC BAA-3110),$395.00,$395.00,2,frozen
Pseudomonas aeruginosa (Schroeter) Migula (ATCC BAA-3107),$395.00,$395.00,2,frozen
Pseudomonas aeruginosa (Schroeter) Migula (ATCC BAA-3094),$395.00,$395.00,2,frozen
Pseudomonas aeruginosa (ATCC BAA-3105),$395.00,$395.00,2,frozen
Pseudomonas aeruginosa (Schroeter) Migula (ATCC BAA-3106),$395.00,$395.00,2,frozen
Shewanella japonica Ivanova et al. (ATCC BAA-316),$550.00,$467.50,1,freeze-dried
Sulfitobacter dubius Ivanova et al. (ATCC BAA-320),$550.00,$467.50,1,freeze-dried
Pseudoalteromonas flavipulchra Ivanova et al. (ATCC BAA-314),$550.00,$467.50,1,freeze-dried
Pseudomonas aeruginosa (ATCC BAA-3101),$395.00,$395.00,2,frozen
Pseudomonas aeruginosa (Schroeter) Migula (ATCC BAA-3098),$395.00,$395.00,2,frozen
Pseudomonas aeruginosa (Schroeter) Migula (ATCC BAA-3093),$395.00,$395.00,2,frozen
Pseudomonas aeruginosa (ATCC BAA-3104),$395.00,$395.00,2,frozen
Geovibrio thiophilus Janssen et al. (ATCC BAA-311),$550.00,$467.50,1,freeze-dried
Pseudomonas aeruginosa (Schroeter) Migula (ATCC BAA-3103),$395.00,$395.00,2,frozen
Proteus mirabilis Hauser (ATCC BAA-3086),$395.00,$395.00,2,frozen
Pseudomonas aeruginosa (Schroeter) Migula (ATCC BAA-3109),$395.00,$395.00,2,frozen
Klebsiella pneumoniae (Schroeter) Trevisan (ATCC BAA-3078),$395.00,$395.00,2,frozen
Pseudomonas aeruginosa (Schroeter) Migula (ATCC BAA-3090),$395.00,$395.00,2,frozen
Proteus mirabilis Hauser (ATCC BAA-3088),$395.00,$395.00,2,frozen
Klebsiella pneumoniae (ATCC BAA-3079),$395.00,$395.00,2,frozen
Pseudomonas aeruginosa (Schroeter) Migula (ATCC BAA-3100),$395.00,$395.00,2,frozen
Pseudomonas aeruginosa (Schroeter) Migula (ATCC BAA-3099),$395.00,$395.00,2,frozen
Proteus mirabilis Hauser (ATCC BAA-3087),$395.00,$395.00,2,frozen
Pseudomonas aeruginosa (Schroeter) Migula (ATCC BAA-3097),$395.00,$395.00,2,frozen
Pseudomonas aeruginosa (Schroeter) Migula (ATCC BAA-3095),$395.00,$395.00,2,frozen
Klebsiella pneumoniae (Schroeter) Trevisan (ATCC BAA-3073),$395.00,$395.00,2,frozen
Klebsiella pneumoniae (Schroeter) Trevisan (ATCC BAA-3070),$395.00,$395.00,2,frozen
Klebsiella pneumoniae (Schroeter) Trevisan (ATCC BAA-3069),$395.00,$395.00,2,frozen
Klebsiella pneumoniae (Schroeter) Trevisan (ATCC BAA-3074),$395.00,$395.00,2,frozen
Proteus mirabilis Hauser (ATCC BAA-3089),$395.00,$395.00,2,frozen
Klebsiella pneumoniae (Schroeter) Trevisan (ATCC BAA-3075),$395.00,$395.00,2,frozen
Klebsiella pneumoniae (Schroeter) Trevisan (ATCC BAA-3077),$395.00,$395.00,2,frozen
Klebsiella pneumoniae (Schroeter) Trevisan (ATCC BAA-3072),$395.00,$395.00,2,frozen
Klebsiella pneumoniae (Schroeter) Trevisan (ATCC BAA-3076),$395.00,$395.00,2,frozen
Klebsiella pneumoniae (Schroeter) Trevisan (ATCC BAA-3068),$395.00,$395.00,2,frozen
Klebsiella pneumoniae (Schroeter) Trevisan (ATCC BAA-3066),$395.00,$395.00,2,frozen
Klebsiella pneumoniae (Schroeter) Trevisan (ATCC BAA-3067),$395.00,$395.00,2,frozen
Klebsiella pneumoniae (Schroeter) Trevisan (ATCC BAA-3071),$395.00,$395.00,2,frozen
Klebsiella pneumoniae (Schroeter) Trevisan (ATCC BAA-3065),$395.00,$395.00,2,frozen
Klebsiella pneumoniae (Schroeter) Trevisan (ATCC BAA-3064),$395.00,$395.00,2,frozen
Klebsiella pneumoniae (Schroeter) Trevisan (ATCC BAA-3063),$395.00,$395.00,2,frozen
Klebsiella pneumoniae (Schroeter) Trevisan (ATCC BAA-3062),$395.00,$395.00,2,frozen
Klebsiella pneumoniae (Schroeter) Trevisan (ATCC BAA-3061),$395.00,$395.00,2,frozen
Klebsiella pneumoniae (Schroeter) Trevisan (ATCC BAA-3060),$395.00,$395.00,2,frozen
Hydrogenophaga sp. (ATCC BAA-306),$550.00,$467.50,1,freeze-dried
Klebsiella oxytoca (Flugge) Lautrop (ATCC BAA-3059),$395.00,$395.00,2,frozen
Escherichia coli (Migula) Castellani and Chalmers (ATCC BAA-3058),$395.00,$395.00,2,frozen
Escherichia coli (Migula) Castellani and Chalmers (ATCC BAA-3057),"For-Profit:
$376.00",unavailable,2,frozen
Escherichia coli (Migula) Castellani and Chalmers (ATCC BAA-3055),$395.00,$395.00,2,frozen
Escherichia coli (Migula) Castellani and Chalmers (ATCC BAA-3054),$395.00,$395.00,2,frozen
Escherichia coli (Migula) Castellani and Chalmers (ATCC BAA-3053),$395.00,$395.00,2,frozen
Escherichia coli (Migula) Castellani and Chalmers (ATCC BAA-3051),$395.00,$395.00,2,frozen
Escherichia coli (Migula) Castellani and Chalmers (ATCC BAA-3050),$395.00,$395.00,2,frozen
Hydrogenophaga sp. (ATCC BAA-305),$550.00,$467.50,1,freeze-dried
Escherichia coli (Migula) Castellani and Chalmers (ATCC BAA-3049),$395.00,$395.00,2,frozen
Escherichia coli (Migula) Castellani and Chalmers (ATCC BAA-3048),$395.00,$395.00,2,frozen
Escherichia coli (Migula) Castellani and Chalmers (ATCC BAA-3047),$395.00,$395.00,2,frozen
Enterobacter cloacae (Jordan) Hormaeche and Edwards (ATCC BAA-3046),"For-Profit:
$376.00",unavailable,2,frozen
Enterobacter cloacae (Jordan) Hormaeche and Edwards (ATCC BAA-3045),$395.00,$395.00,2,frozen
Enterobacter cloacae (Jordan) Hormaeche and Edwards (ATCC BAA-3044),$395.00,$395.00,2,frozen
Enterobacter asburiae Brenner et al. (ATCC BAA-3043),$395.00,$395.00,2,frozen
Enterobacter cloacae (Jordan) Hormaeche and Edwards (ATCC BAA-3042),$395.00,$395.00,2,frozen
Citrobacter freundii (Braak) Werkman and Gillen (ATCC BAA-3041),$395.00,$395.00,2,frozen
Citrobacter freundii (Braak) Werkman and Gillen (ATCC BAA-3040),$395.00,$395.00,2,frozen
Hydrogenophaga sp. (ATCC BAA-304),$550.00,$467.50,1,freeze-dried
Citrobacter freundii (Braak) Werkman and Gillen (ATCC BAA-3039),$395.00,$395.00,2,frozen
Pseudomonas aeruginosa (Schroeter) Migula (ATCC BAA-30),$550.00,$467.50,2,freeze-dried
Isoptericola variabilis (Bakalidou et al.) Stackebrandt et al. (ATCC BAA-303),$550.00,$467.50,1,freeze-dried
Citrobacter freundii (Braak) Werkman and Gillen (ATCC BAA-3038),$395.00,$395.00,2,frozen
Acinetobacter baumannii (ATCC BAA-3035),$395.00,$395.00,2,frozen
Methylophaga alcalica (ATCC BAA-297),$550.00,$467.50,1,freeze-dried
Pseudomonas aeruginosa bacteriophage Lindberg M4 (ATCC BAA-30-B1),$550.00,$467.50,1,freeze-dried
Trichococcus collinsii Liu et al. (ATCC BAA-296),$550.00,$467.50,1,freeze-dried
Citrobacter braakii Brenner et al. (ATCC BAA-3037),$395.00,$395.00,2,frozen
Microvirga subterranea Kanso and Patel (ATCC BAA-295),$550.00,$467.50,1,freeze-dried
Phenylobacterium lituiforme Kanso and Patel (ATCC BAA-294),$550.00,$467.50,1,freeze-dried
Acinetobacter baumannii Bouvet and Grimont (ATCC BAA-3036),$395.00,$395.00,2,frozen
Streptomyces sp. (ATCC BAA-2935),$550.00,$467.50,2,frozen
Ilyobacter insuetus Brune et al. (ATCC BAA-291),$550.00,$467.50,1,freeze-dried
Thermus sp. (ATCC BAA-302),$550.00,$467.50,1,freeze-dried
Pseudomonas aeruginosa bacteriophage Lindberg M7 (ATCC BAA-29-B1),$550.00,$467.50,1,freeze-dried
Frigoribacterium faeni Kampfer et al. (ATCC BAA-3),$550.00,$467.50,1,freeze-dried
Superficieibacter electus (ATCC BAA-2937),$550.00,$467.50,2,frozen
Streptacidophilus sp. (ATCC BAA-2934),$550.00,$467.50,2,frozen
Thermus scotoductus Kristjansson et al. (ATCC BAA-292),$550.00,$467.50,1,freeze-dried
Runella zeae Chelius et al. (ATCC BAA-293),$550.00,$467.50,1,freeze-dried
Acinetobacter baumannii Bouvet and Grimont (ATCC BAA-2900),$395.00,$395.00,2,frozen
Acinetobacter baumannii Bouvet and Grimont (ATCC BAA-2899),$395.00,$395.00,2,frozen
Acinetobacter baumannii Bouvet and Grimont (ATCC BAA-2901),"For-Profit:
$376.00",unavailable,2,frozen
Acinetobacter baumannii Bouvet and Grimont (ATCC BAA-2898),$395.00,$395.00,2,frozen
Acinetobacter baumannii Bouvet and Grimont (ATCC BAA-2897),$395.00,$395.00,2,frozen
Acinetobacter baumannii Bouvet and Grimont (ATCC BAA-2895),$395.00,$395.00,2,frozen
Acinetobacter baumannii Bouvet and Grimont (ATCC BAA-2896),$395.00,$395.00,2,frozen
Propionivibrio limicola Brune et al. (ATCC BAA-290),$550.00,$467.50,1,freeze-dried
Acinetobacter baumannii Bouvet and Grimont (ATCC BAA-2893),$395.00,$395.00,2,frozen
Acinetobacter baumannii Bouvet and Grimont (ATCC BAA-2892),$395.00,$395.00,2,frozen
Acinetobacter baumannii Bouvet and Grimont (ATCC BAA-2894),$395.00,$395.00,2,frozen
Acinetobacter baumannii Bouvet and Grimont (ATCC BAA-2891),$395.00,$395.00,2,frozen
Acinetobacter baumannii Bouvet and Grimont (ATCC BAA-2890),"For-Profit:
$376.00",unavailable,2,frozen
Vagococcus fessus Hoyles et al. (ATCC BAA-289),$550.00,$467.50,1,freeze-dried
Acinetobacter baumannii Bouvet and Grimont (ATCC BAA-2889),$395.00,$395.00,2,frozen
Acinetobacter baumannii Bouvet and Grimont (ATCC BAA-2888),$395.00,$395.00,2,frozen
Acinetobacter baumannii Bouvet and Grimont (ATCC BAA-2887),$395.00,$395.00,2,frozen
Acinetobacter baumannii Bouvet and Grimont (ATCC BAA-2886),$395.00,$395.00,2,frozen
Acinetobacter baumannii Bouvet and Grimont (ATCC BAA-2885),$395.00,$395.00,2,frozen
Acinetobacter baumannii Bouvet and Grimont (ATCC BAA-2884),$395.00,$395.00,2,frozen
Acinetobacter baumannii Bouvet and Grimont (ATCC BAA-2880),$395.00,$395.00,2,frozen
Lactobacillus cypricasei Lawson et al. (ATCC BAA-288),$550.00,$467.50,1,freeze-dried
Acinetobacter baumannii Bouvet and Grimont (ATCC BAA-2878),$395.00,$395.00,2,frozen
Acinetobacter baumannii Bouvet and Grimont (ATCC BAA-2877),$395.00,$395.00,2,frozen
Acinetobacter baumannii Bouvet and Grimont (ATCC BAA-2873),$395.00,$395.00,2,frozen
Acinetobacter baumannii Bouvet and Grimont (ATCC BAA-2871),$395.00,$395.00,2,frozen
Legionella pneumophila Brenner et al. (ATCC BAA-2830),$550.00,$467.50,2,frozen
Bacillus chawlae (ATCC BAA-2862),$550.00,$467.50,1,frozen
Xylella fastidiosa subsp. fastidiosa Wells et al. (ATCC BAA-2854),$550.00,$467.50,1,frozen
Xylella fastidiosa subsp. multiplex Schaad et al. (ATCC BAA-2853),$550.00,$467.50,1,frozen
Bacillus saganii (ATCC BAA-2861),$550.00,$467.50,1,frozen
Staphylococcus xylosus Schleifer and Kloos (ATCC BAA-2829),$550.00,$467.50,2,frozen
Bacillus glennii (ATCC BAA-2860),$550.00,$467.50,1,frozen
Dysgonomonas gadei Hofstad et al. (ATCC BAA-286),$550.00,$467.50,2,freeze-dried
Lactobacillus casei (Orla-Jensen) Hansen and Lessel (ATCC BAA-2843),$550.00,$467.50,1,frozen
Pseudomonas aeruginosa bacteriophage Lindberg F8 (ATCC BAA-28-B1),$550.00,$467.50,1,freeze-dried
Clostridioides difficile (Prevot) Lawson et al. (ATCC BAA-2825),$550.00,$467.50,2,frozen
Pseudoflavitalea muciniphila (ATCC BAA-2857),$550.00,$467.50,2,frozen
Clostridioides difficile (Prevot) Lawson et al. (ATCC BAA-2824),$550.00,$467.50,2,frozen
Streptomyces sp. Waksman and Henrici (ATCC BAA-282),$550.00,$467.50,1,freeze-dried
Lactobacillus bulgaricus (Orla-Jensen) Rogosa and Hansen (ATCC BAA-2844),$550.00,$467.50,1,frozen
Borrelia hermsii (Davis) Steinhaus (ATCC BAA-2821),$402.00,$341.70,2,frozen
Enterobacter cloacae (Jordan) Hormaeche and Edwards (ATCC BAA-2806),$395.00,$395.00,2,frozen
Pseudomonas aeruginosa (Schroeter) Migula (ATCC BAA-28),$550.00,$467.50,2,freeze-dried
Clostridioides difficile (Prevot) Lawson et al. (ATCC BAA-2823),$550.00,$467.50,2,frozen
Desulfotomaculum thermobenzoicum subsp. thermosyntrophicum Plugge t al. (ATCC BAA-281),$550.00,$467.50,1,freeze-dried
Sedimentibacter saalensis Breitenstein et al. (ATCC BAA-283),$550.00,$467.50,1,freeze-dried
Pseudomonas aeruginosa (Schroeter) Migula (ATCC BAA-2795),$395.00,$395.00,2,frozen
Nocardia paucivorans Yassin et al. (ATCC BAA-278),$550.00,$467.50,2,freeze-dried
Actinocrinis puniceicyclus (ATCC BAA-2771),$550.00,$467.50,1,frozen
Salmonella enterica subsp. enterica (ex Kauffmann and Edwards) Le Minor and Popoff serovar Enteritidis (ATCC BAA-2769),$550.00,$467.50,2,frozen
Enterococcus aquimarinus Švec et al. (ATCC BAA-2766),$550.00,$467.50,1,freeze-dried
Vibrio harveyi (Johnson and Shunk) Baumann et al. (ATCC BAA-2750),$550.00,$467.50,1,frozen
Staphylococcus aureus subsp. aureus Rosenbach (ATCC BAA-2763),$550.00,$467.50,2,frozen
Methanimicrococcus blatticola Sprenger et al. (ATCC BAA-276),$550.00,$467.50,1,freeze-dried
Salmonella enterica subsp. enterica (ex Kauffmann and Edwards) Le Minor and Popoff serovar Salford (ATCC BAA-2741),$550.00,$467.50,2,freeze-dried
Salmonella enterica subsp. enterica serovar Senegal (ATCC BAA-2742),$550.00,$467.50,2,freeze-dried
Arthrobacter luteolus Wauters et al. (ATCC BAA-272),$550.00,$467.50,2,freeze-dried
Desulfuromonas carbonis (ATCC BAA-2716),$550.00,$467.50,1,frozen
Bordetella pertussis (Bergey et al.) Moreno-Lopez (ATCC BAA-2705),$550.00,$467.50,2,frozen
Vibrio harveyi (Johnson and Shunk) Baumann et al. (ATCC BAA-2751),$550.00,$467.50,1,frozen
Streptococcus pneumoniae (Klein) Chester (ATCC BAA-2754),$550.00,$467.50,2,frozen
Desulfosporosinus meridiei Robertson et al. (ATCC BAA-275),$550.00,$467.50,1,freeze-dried
Salmonella enterica subsp. enterica (ex Kauffmann and Edwards) Le Minor and Popoff serovar Hartford (ATCC BAA-2735),$550.00,$467.50,2,freeze-dried
Paenibacillus bovis (ATCC BAA-2746),unavailable,unavailable,1,frozen
Sphaerotilus montanus (ATCC BAA-2725),$550.00,$467.50,1,frozen
Escherichia coli (Migula) Castellani and Chalmers (ATCC BAA-2730),$550.00,$467.50,1,frozen
Escherichia coli (Migula) Castellani and Chalmers (ATCC BAA-2729),"For-Profit:
$550.00",unavailable,1,frozen
Bordetella pertussis (Bergey et al.) Moreno-Lopez (ATCC BAA-2706),$550.00,$467.50,2,frozen
Bordetella pertussis (Bergey et al.) Moreno-Lopez (ATCC BAA-2708),$550.00,$467.50,2,frozen
Microrhizomicrobium pineolum (ATCC BAA-2724),$550.00,$467.50,1,frozen
Bordetella pertussis (Bergey et al.) Moreno-Lopez (ATCC BAA-2704),$550.00,$467.50,2,frozen
Thermococcus siculi Grote et al. (ATCC BAA-270),$550.00,$467.50,1,freeze-dried
Sphingomonas triclosanivorans (ATCC BAA-2699),$550.00,$467.50,1,frozen
Telmatobacter taupoensis (ATCC BAA-2698),$550.00,$467.50,1,frozen
Oleiharenicola alkalitolerans (ATCC BAA-2697),$550.00,$467.50,1,frozen
Clostridium sporogenes (Metchnikoff) Bergey et al. (ATCC BAA-2696),$550.00,$467.50,1,freeze-dried
Bartonella ancashensis Mullins et al. (ATCC BAA-2694),$550.00,$467.50,2,frozen
Clavibacter michiganensis subsp. californiensis (ATCC BAA-2691),$550.00,$467.50,1,frozen
Clavibacter michiganensis subsp. chiloensis (ATCC BAA-2690),$550.00,$467.50,1,frozen
Isoptericola haloaureus (ATCC BAA-2688),$550.00,$467.50,1,frozen
Staphylococcus aureus subsp. aureus Rosenbach (ATCC BAA-2686),$550.00,$467.50,2,frozen
Staphylococcus aureus subsp. aureus Rosenbach (ATCC BAA-2684),$550.00,$467.50,2,frozen
Sanguibacteroides justesenii (ATCC BAA-2682),$550.00,$467.50,2,frozen
Sanguibacteroides justesenii (ATCC BAA-2681),$550.00,$467.50,2,frozen
Campylobacter iguaniorum (ATCC BAA-2680),$550.00,$467.50,2,frozen
Acidilobus aceticus Prokofeva et al. (ATCC BAA-268),$550.00,$467.50,1,frozen
Pseudomonas andersonii Han et al. (ATCC BAA-267),$550.00,$467.50,2,freeze-dried
Peptoanaerobacter stomatis Sizova (ATCC BAA-2665),$550.00,$467.50,1,frozen
Peptoanaerobacter stomatis Sizova (ATCC BAA-2664),"For-Profit:
$376.00",unavailable,1,frozen
Eubacterium yurii subsp. margaretiae Margaret and Krywolap (ATCC BAA-2661),$550.00,$467.50,1,frozen
Clostridium neonatale (ATCC BAA-266),$550.00,$467.50,2,freeze-dried
Campylobacter jejuni subsp. jejuni (Jones et al.) Veron and Chatelain (ATCC BAA-2656),$550.00,$467.50,2,frozen
Clostridium neonatale (ATCC BAA-265),$550.00,$467.50,2,freeze-dried
Escherichia coli (Migula) Castellani and Chalmers (ATCC BAA-2649),"For-Profit:
$2,019.00",unavailable,1,freeze-dried
Chloracidobacterium thermophilum (ATCC BAA-2647),$550.00,$467.50,1,frozen
Vulcanibacillus sp. (ATCC BAA-2644),$550.00,$467.50,1,frozen
Porphyromonas pogonae (ATCC BAA-2643),$550.00,$467.50,1,frozen
Streptomyces surbansen (ATCC BAA-2646),$550.00,$467.50,1,frozen
Orenia sp. (ATCC BAA-2645),$550.00,$467.50,1,frozen
Propionibacterium australiense Bernard et al. (ATCC BAA-264),$550.00,$467.50,2,freeze-dried
Oribacterium sp. (ATCC BAA-2639),$550.00,$467.50,1,frozen
Bartonella koehlerae subsp. bothieri (ATCC BAA-2636),$550.00,$467.50,2,frozen
Bartonella koehlerae subsp. boulouisii (ATCC BAA-2635),"For-Profit:
$376.00",unavailable,2,frozen
Actinokineospora guangxiensis (ATCC BAA-2631),$550.00,$467.50,1,frozen
Laceyella guangxiensis (ATCC BAA-2630),$550.00,$467.50,1,frozen
Propionibacterium australiense Bernard et al. (ATCC BAA-263),$550.00,$467.50,2,freeze-dried
Nonomuraea guangxiensis (ATCC BAA-2629),$550.00,$467.50,1,frozen
Pseudonocardia guangxiensis (ATCC BAA-2628),$550.00,$467.50,1,frozen
Actinomadura nanningensis (ATCC BAA-2627),$550.00,$467.50,1,frozen
Thermomonospora guangxiensis (ATCC BAA-2626),$550.00,$467.50,1,frozen
Desulfocarbo indianensis (ATCC BAA-2625),"For-Profit:
$376.00",unavailable,1,frozen
Citrobacter rodentium Schauer et al. (ATCC BAA-2623),$550.00,$467.50,2,frozen
Alkalibacterium singaporenus (ATCC BAA-2622),$550.00,$467.50,1,frozen
Lysobacter yananisis (ATCC BAA-2621),$550.00,$467.50,1,frozen
Serratia ureilytica (ATCC BAA-2620),$550.00,$467.50,1,frozen
Gelria glutamica Plugge et al. (ATCC BAA-262),$550.00,$467.50,1,freeze-dried
Marinoagarivorans rongchengensis (ATCC BAA-2617),$550.00,$467.50,1,frozen
Woeseia oceanium (ATCC BAA-2615),$550.00,$467.50,1,frozen
Motiliproteus sediminis (ATCC BAA-2613),$550.00,$467.50,1,frozen
Aquimarina agarlyticus (ATCC BAA-2612),$550.00,$467.50,1,frozen
Corallincola holothiorum (ATCC BAA-2611),$550.00,$467.50,1,frozen
Flavobacterium oceanobacteria (ATCC BAA-2610),$550.00,$467.50,1,frozen
Colwellia arctica (ATCC BAA-2609),$550.00,$467.50,1,frozen
Thermotoga sporogenes (ATCC BAA-2608),$550.00,$467.50,1,frozen
Pseudomonas aeruginosa (Schroeter) Migula (ATCC BAA-26),$550.00,$467.50,2,freeze-dried
Pseudomonas aeruginosa bacteriophage Lindberg 7 (ATCC BAA-26-B1),$550.00,$467.50,1,freeze-dried
Ferrovum myxofaciens (ATCC BAA-2595),$550.00,$467.50,1,frozen
Shewanella benthica MacDonell and Colwell (ATCC BAA-2590),$550.00,$467.50,1,frozen
Photobacterium profundum Nogi et al. (ATCC BAA-2589),$550.00,$467.50,1,frozen
Escherichia coli NanoLuc (ATCC BAA-2586-PACK),$550.00,$467.50,2,frozen
Klebsiella pneumoniae (Schroeter) Trevisan (ATCC BAA-2578),$550.00,$467.50,2,freeze-dried
Clostridioides difficile (Prevot) Lawson et al. (ATCC BAA-2577),$550.00,$467.50,2,freeze-dried
Streptococcus agalactiae Lehmann and Neumann (ATCC BAA-2576),"For-Profit:
$376.00",unavailable,2,freeze-dried
Streptococcus agalactiae Lehmann and Neumann (ATCC BAA-2575),$550.00,$467.50,2,freeze-dried
Klebsiella oxytoca (Flugge) Lautrop (ATCC BAA-2572),$550.00,$467.50,2,freeze-dried
Citrobacter freundii (Braak) Werkman and Gillen (ATCC BAA-2565),$550.00,$467.50,1,freeze-dried
Mycobacterium montefiorense Levi et al. (ATCC BAA-256),$550.00,$467.50,1,freeze-dried
Pyrodictium delaneyi (ATCC BAA-2559),$550.00,$467.50,1,frozen
Anoxybacillus geothermalis (ATCC BAA-2555),$550.00,$467.50,1,frozen
Mucivorans hirudinis (ATCC BAA-2553),$550.00,$467.50,1,frozen
Saccharopolyspora indianesis (ATCC BAA-2551),$550.00,$467.50,1,frozen
Xanthomonas sp. (ATCC BAA-2544),$550.00,$467.50,1,freeze-dried
Nocardia bagyanesis (ATCC BAA-2548),$550.00,$467.50,1,frozen
Bacillus kakinadanesis (ATCC BAA-2549),$550.00,$467.50,1,frozen
Xanthomonas sp. (ATCC BAA-2543),$550.00,$467.50,1,freeze-dried
Mycobacterium tuberculosis (Zopf) Lehmann and Neumann (ATCC BAA-2521),"$1,159.00",$985.15,3,frozen
Thermomicrobiales sp. (ATCC BAA-2536),$550.00,$467.50,1,frozen
Staphylococcus aureus subsp. aureus Rosenbach (ATCC BAA-2527),$550.00,$467.50,2,freeze-dried
Thermomicrobium carboxidum King and King (ATCC BAA-2535),$550.00,$467.50,1,frozen
Mycobacterium tuberculosis (Zopf) Lehmann and Neumann (ATCC BAA-2519),"$1,159.00",$985.15,3,frozen
Mycobacterium tuberculosis (Zopf) Lehmann and Neumann (ATCC BAA-2517),"$1,159.00",$985.15,3,frozen
Mycobacterium tuberculosis (Zopf) Lehmann and Neumann (ATCC BAA-2516),"$1,159.00",$985.15,3,frozen
Inordinaticella fortuita (ATCC BAA-2547),$550.00,$467.50,1,frozen
Mycobacterium tuberculosis (Zopf) Lehmann and Neumann (ATCC BAA-2518),"$1,159.00",$985.15,3,frozen
Mycobacterium tuberculosis (Zopf) Lehmann and Neumann (ATCC BAA-2520),"$1,159.00",$985.15,3,frozen
Roseibium hamelinense Suzuki et al. (ATCC BAA-252),$550.00,$467.50,1,freeze-dried
Thermogemmatispora carboxidivorans King and King (ATCC BAA-2534),$550.00,$467.50,1,frozen
Aerococcus sanguinicola Lawson et al. (ATCC BAA-253),$550.00,$467.50,2,freeze-dried
Pediococcus pentosaceus Mees (ATCC BAA-2529),$550.00,$467.50,1,freeze-dried
Roseibium denhamense Suzuki et al. (ATCC BAA-251),$550.00,$467.50,1,freeze-dried
Vibrio cholerae Pacini (ATCC BAA-2506),"For-Profit:
$376.00",unavailable,2,freeze-dried
Staphylococcus aureus subsp. aureus Rosenbach (ATCC BAA-2526),$550.00,$467.50,2,freeze-dried
Mycobacterium tuberculosis (Zopf) Lehmann and Neumann (ATCC BAA-2522),"$1,159.00",$985.15,3,frozen
Vibrio cholerae Pacini (ATCC BAA-2505),$550.00,$467.50,2,freeze-dried
Vibrio cholerae Pacini (ATCC BAA-2507),$550.00,$467.50,2,freeze-dried
Vibrio cholerae Pacini (ATCC BAA-2504),$550.00,$467.50,2,freeze-dried
Pseudomonas syringae van Hall pathovar actinidiae (ATCC BAA-2502),$550.00,$467.50,2,freeze-dried
Pectinatus sottacetonis (ATCC BAA-2501),$550.00,$467.50,1,freeze-dried
Patulibacter americanus Reddy and Garcia-Pichel  (ATCC BAA-2498),$550.00,$467.50,1,freeze-dried
Streptococcus gallolyticus subsp. macedonicus (Tsakalidou et al.) Schlegel et al. (ATCC BAA-249),$550.00,$467.50,1,frozen
Thermotoga thioreducens (ATCC BAA-2482),$550.00,$467.50,1,frozen
Peptidiphaga gingivicola (ATCC BAA-2480),$550.00,$467.50,1,freeze-dried
Xenorhabdus sp. Thomas and Poinar  (ATCC BAA-2478),$550.00,$467.50,1,freeze-dried
