Escherichia coli bacteriophage T5 (ATCC 11303-B5),$235.00,$199.75,unavailable,T5,1,freeze-dried,ATCC  129: Nutrient agar/stabs/broth with 0.5% NaCl,"Temperature: 37Celsius 
Atmosphere: Aerobic",Frozen: -80Celsius  or colderFreeze-Dried: 2Celsius  to 8Celsius Live Culture: See Propagation Section,unavailable
Staphylococcus aureus subsp. aureus bacteriophage 75 (ATCC 27698-B1),$235.00,$199.75,unavailable,75,1,freeze-dried,ATCC  1831: Nutrient Broth/Agar w/ 400ug/ml Calcium Chloride,Temperature: 37Celsius Atmosphere: Aerobic,Store filtrate at 4Celsius .  Storage at 20Celsius  may cause inactivation of the phage.,unavailable
Staphylococcus aureus subsp. aureus bacteriophage 55 (ATCC 27696-B1),$235.00,$199.75,unavailable,55,1,freeze-dried,ATCC  1831: Nutrient Broth/Agar w/ 400ug/ml Calcium Chloride,Temperature: 37Celsius Atmosphere: Aerobic,Store filtrate at 4Celsius . Storage at 20Celsius  may cause inactivation of the phage.,unavailable
Escherichia coli bacteriophage phi V-1 (ATCC 15597-B2),$402.00,$341.70,unavailable,phi V-1,1,freeze-dried,ATCC  271: Escherichia medium,"Temperature: 37Celsius Atmosphere: 

Aerobic",Frozen: -80Celsius  or colderFreeze-Dried: 2Celsius  to   8Celsius Live Culture: See Propagation Section,Characterization
Pseudomonas aeruginosa bacteriophage Lindberg 73 (ATCC BAA-83-B1),$550.00,$467.50,unavailable,HER-8 [73Lindberg],1,freeze-dried,ATCC  18: Trypticase Soy Agar/Broth,Temperature: 37Celsius Atmosphere: Aerobic,Frozen: -80Celsius  or colderFreeze-Dried: 2Celsius  to 8Celsius Live Culture: See Propagation Section,unavailable
Pseudomonas aeruginosa bacteriophage Lindberg 68 (ATCC BAA-82-B1),$550.00,$467.50,unavailable,HER-7 [68Lindberg],1,freeze-dried,ATCC  18: Trypticase Soy Agar/Broth,Temperature: 37Celsius Atmosphere: Aerobic,Frozen: -80Celsius  or colderFreeze-Dried: 2Celsius  to 8Celsius Live Culture: See Propagation Section,unavailable
Pseudomonas aeruginosa bacteriophage Lindberg 31 (ATCC BAA-81-B2),$550.00,$467.50,unavailable,HER-5 [31Lindberg],1,freeze-dried,ATCC  18: Trypticase Soy Agar/Broth,Temperature: 37Celsius Atmosphere: Aerobic,Frozen: -80Celsius  or colderFreeze-Dried: 2Celsius  to 8Celsius Live Culture: See Propagation Section,unavailable
Pseudomonas aeruginosa bacteriophage Lindberg 24 (ATCC BAA-79-B1),$550.00,$467.50,unavailable,HER-4 [24Lindberg],1,freeze-dried,ATCC  18: Trypticase Soy Agar/Broth,"Temperature: 37Celsius 
Atmosphere: Aerobic",Frozen: -80Celsius  or colderFreeze-Dried: 2Celsius  to 8Celsius Live Culture: See Propagation Section,unavailable
Pseudomonas aeruginosa bacteriophage Lindberg M4 (ATCC BAA-30-B1),$550.00,$467.50,unavailable,HER-16 [M4 Lindberg],1,freeze-dried,ATCC  18: Trypticase Soy Agar/Broth,Temperature: 37.0Celsius Atmosphere: Aerobic,unavailable,unavailable
Pseudomonas aeruginosa bacteriophage Lindberg M7 (ATCC BAA-29-B1),$550.00,$467.50,unavailable,HER-9 [F7Lindberg],1,freeze-dried,ATCC  18: Trypticase Soy Agar/Broth,Temperature: 37.0Celsius Atmosphere: Aerobic,unavailable,unavailable
Escherichia coli bacteriophage T5 (ATCC 11303-B5),,,unavailable,T5,1,freeze-dried,ATCC  129: Nutrient agar/stabs/broth with 0.5% NaCl,"Temperature: 37Celsius 
Atmosphere: Aerobic",Frozen: -80Celsius  or colderFreeze-Dried: 2Celsius  to 8Celsius Live Culture: See Propagation Section,unavailable
Staphylococcus aureus subsp. aureus bacteriophage 75 (ATCC 27698-B1),$235.00,$199.75,unavailable,75,1,freeze-dried,ATCC  1831: Nutrient Broth/Agar w/ 400ug/ml Calcium Chloride,Temperature: 37Celsius Atmosphere: Aerobic,Store filtrate at 4Celsius .  Storage at 20Celsius  may cause inactivation of the phage.,unavailable
Staphylococcus aureus subsp. aureus bacteriophage 55 (ATCC 27696-B1),$235.00,$199.75,unavailable,55,1,freeze-dried,ATCC  1831: Nutrient Broth/Agar w/ 400ug/ml Calcium Chloride,Temperature: 37Celsius Atmosphere: Aerobic,Store filtrate at 4Celsius . Storage at 20Celsius  may cause inactivation of the phage.,unavailable
Escherichia coli bacteriophage phi V-1 (ATCC 15597-B2),$402.00,$341.70,unavailable,phi V-1,1,freeze-dried,ATCC  271: Escherichia medium,"Temperature: 37Celsius Atmosphere: 

Aerobic",Frozen: -80Celsius  or colderFreeze-Dried: 2Celsius  to   8Celsius Live Culture: See Propagation Section,Characterization
Pseudomonas aeruginosa bacteriophage Lindberg 73 (ATCC BAA-83-B1),$550.00,$467.50,unavailable,HER-8 [73Lindberg],1,freeze-dried,ATCC  18: Trypticase Soy Agar/Broth,Temperature: 37Celsius Atmosphere: Aerobic,Frozen: -80Celsius  or colderFreeze-Dried: 2Celsius  to 8Celsius Live Culture: See Propagation Section,unavailable
Pseudomonas aeruginosa bacteriophage Lindberg 68 (ATCC BAA-82-B1),$550.00,$467.50,unavailable,HER-7 [68Lindberg],1,freeze-dried,ATCC  18: Trypticase Soy Agar/Broth,Temperature: 37Celsius Atmosphere: Aerobic,Frozen: -80Celsius  or colderFreeze-Dried: 2Celsius  to 8Celsius Live Culture: See Propagation Section,unavailable
Pseudomonas aeruginosa bacteriophage Lindberg 31 (ATCC BAA-81-B2),$550.00,$467.50,unavailable,HER-5 [31Lindberg],1,freeze-dried,ATCC  18: Trypticase Soy Agar/Broth,Temperature: 37Celsius Atmosphere: Aerobic,Frozen: -80Celsius  or colderFreeze-Dried: 2Celsius  to 8Celsius Live Culture: See Propagation Section,unavailable
Pseudomonas aeruginosa bacteriophage Lindberg 24 (ATCC BAA-79-B1),$550.00,$467.50,unavailable,HER-4 [24Lindberg],1,freeze-dried,ATCC  18: Trypticase Soy Agar/Broth,"Temperature: 37Celsius 
Atmosphere: Aerobic",Frozen: -80Celsius  or colderFreeze-Dried: 2Celsius  to 8Celsius Live Culture: See Propagation Section,unavailable
Pseudomonas aeruginosa bacteriophage Lindberg M4 (ATCC BAA-30-B1),$550.00,$467.50,unavailable,HER-16 [M4 Lindberg],1,freeze-dried,ATCC  18: Trypticase Soy Agar/Broth,Temperature: 37.0Celsius Atmosphere: Aerobic,unavailable,unavailable
Pseudomonas aeruginosa bacteriophage Lindberg M7 (ATCC BAA-29-B1),$550.00,$467.50,unavailable,HER-9 [F7Lindberg],1,freeze-dried,ATCC  18: Trypticase Soy Agar/Broth,Temperature: 37.0Celsius Atmosphere: Aerobic,unavailable,unavailable
Pseudomonas aeruginosa bacteriophage Lindberg F8 (ATCC BAA-28-B1),$550.00,$467.50,unavailable,HER-10 [F8Lindberg],1,freeze-dried,ATCC  18: Trypticase Soy Agar/Broth,Temperature: 37.0Celsius Atmosphere: Aerobic,unavailable,unavailable
Pseudomonas aeruginosa bacteriophage Lindberg 7 (ATCC BAA-26-B1),$550.00,$467.50,unavailable,HER-1 [7Lindberg],1,freeze-dried,ATCC  18: Trypticase Soy Agar/Broth,Temperature: 37.0Celsius,unavailable,unavailable
Salmonella enterica subsp. enterica bacteriophage Chi (ATCC 9842-B1),$550.00,$467.50,unavailable,Chi,1,freeze-dried,unavailable,unavailable,unavailable,unavailable
Salmonella enterica subsp. enterica serovar Typhimurium bacteriophage P22 strain R34 (ATCC 97541),$550.00,$467.50,unavailable,r34,1,freeze-dried,"ATCC  1065: LB Agar/Broth, Miller",Temperature: 37.0Celsius,unavailable,Potential bacteremia therapeutic agentThis is one of six bacteriophage strains deposited at the ATCC (97537-97539 are lambda strains and 97540-97542 are P22 strains) that remain in the mouse circulatory system for long periods of time. They are potential therapeutic agents for bacteremias.
Escherichia coli bacteriophage Lambda Argo1 (ATCC 97539),$550.00,$467.50,unavailable,Argo1,1,frozen,"ATCC  1065: LB Agar/Broth, Miller",Temperature: 37Celsius Atmosphere: Aerobic,Frozen: -80Celsius  or colderFreeze-Dried: 2Celsius  to 8Celsius Live Culture: See Propagation Section,"Potential bacteremia therapeutic agent
This is one of six bacteriophage strains deposited at the ATCC (ATCC 97537-97539 are lambda strains and ATCC 97540-97542 are P22 strains) that remain in the mouse circulatory system for long periods of time. They are potential therapeutic agents for bacteremias."
Escherichia coli bacteriophage Lambda Argo2 (ATCC 97538),$550.00,$467.50,unavailable,Argo2,1,freeze-dried,"ATCC  1065: LB Agar/Broth, Miller",Temperature: 37Celsius Atmosphere: Aerobic,Frozen: -80Celsius  or colderFreeze-Dried: 2Celsius  to 8Celsius Live Culture: See Propagation Section,"Potential bacteremia therapeutic agent
This is one of six bacteriophage strains deposited at the ATCC (ATCC 97537-97539 are lambda strains and ATCC 97540-97542 are P22 strains) that remain in the mouse circulatory system for long periods of time. They are potential therapeutic agents for bacteremias."
Escherichia coli bacteriophage Lambda W60 (ATCC 97537),$402.00,$341.70,unavailable,LambdaW60 [W60],1,freeze-dried,"ATCC  1065: LB Agar/Broth, Miller",Temperature: 37Celsius Atmosphere: Aerobic,Frozen: -80Celsius  or colderFreeze-Dried: 2Celsius  to 8Celsius Live Culture: See Propagation Section,"Potential bacteremia therapeutic agent
This is one of six bacteriophage strains deposited at the ATCC (ATCC 97537-97539 are lambda strains and ATCC 97540-97542 are P22 strains) that remain in the mouse circulatory system for long periods of time. They are potential therapeutic agents for bacteremias."
Delftia acidovorans bacteriophage phi W-14 (ATCC 9355-B1),$550.00,$467.50,unavailable,Phi W-14,1,freeze-dried,ATCC  1211: CAAM-Tris,"Temperature: 30Celsius 
Atmosphere: Aerobic",2Celsius  to 8Celsius,Induces hydroxymethyldeoxyuridine triphosphate production in hostCharacterization
Escherichia coli bacteriophage C36 (ATCC 8677-B1),$550.00,$467.50,unavailable,C36,1,freeze-dried,unavailable,unavailable,unavailable,unavailable
Clostridium sporogenes bacteriophage F1 (ATCC 8074-B1),$550.00,$467.50,unavailable,F1,1,unavailable,unavailable,unavailable,unavailable,unavailable
Bacillus cereus bacteriophage NRS 201 (ATCC 7064-B1),$550.00,$467.50,unavailable,NRS 201,1,freeze-dried,unavailable,unavailable,unavailable,unavailable
Bacillus megaterium bacteriophage 239 (ATCC 7056-B1),$550.00,$467.50,unavailable,239,1,freeze-dried,unavailable,unavailable,unavailable,unavailable
Bacillus pumilus bacteriophage 236 (ATCC 6631-B1),$550.00,$467.50,unavailable,236,1,frozen,unavailable,unavailable,unavailable,unavailable
Mycobacterium smegmatis bacteriophage Mc-4 (ATCC 607-B7),$550.00,$467.50,unavailable,Mc-4,1,freeze-dried,unavailable,unavailable,unavailable,unavailable
Mycobacterium smegmatis bacteriophage Mc-2 (ATCC 607-B6),$550.00,$467.50,unavailable,Mc-2,1,freeze-dried,unavailable,unavailable,unavailable,unavailable
Mycobacterium smegmatis bacteriophage BK1 (ATCC 607-B5),$550.00,$467.50,unavailable,BK1,1,freeze-dried,unavailable,unavailable,unavailable,unavailable
Mycobacterium smegmatis bacteriophage R-1 (ATCC 607-B1),$550.00,$467.50,unavailable,R-1,1,freeze-dried,ATCC  44: Brain Heart Infusion Agar/Broth,"Temperature: 37Celsius 
Atmosphere: Aerobic",Frozen: -80Celsius  or colderFreeze-Dried: 2Celsius  to 8Celsius Live Culture: See Propagation Section,unavailable
Bacillus subtilis sp. subtilis bacteriophage Phi-e (ATCC 6051-B1),$550.00,$467.50,unavailable,Phi-e,1,frozen,unavailable,unavailable,unavailable,unavailable
Vibrio cholerae bacteriophage III (ATCC 51352-B8),$550.00,$467.50,unavailable,III,1,freeze-dried,ATCC  129: Nutrient agar/stabs/broth with 0.5% NaCl,Temperature: 37Celsius Atmosphere: Aerobic,Frozen: -80Celsius  or colderFreeze-Dried: 2Celsius  to 8Celsius Live Culture: See Propagation Section,unavailable
Vibrio cholerae bacteriophage I (ATCC 51352-B6),$550.00,$467.50,unavailable,I,1,freeze-dried,ATCC  129: Nutrient agar/stabs/broth with 0.5% NaCl,Temperature: 37Celsius Atmosphere: Aerobic,Frozen: -80Celsius  or colderFreeze-Dried: 2Celsius  to 8Celsius Live Culture: See Propagation Section,unavailable
Vibrio cholerae bacteriophage V (ATCC 51352-B10),$550.00,$467.50,unavailable,V,1,freeze-dried,ATCC  129: Nutrient agar/stabs/broth with 0.5% NaCl,Temperature: 37Celsius Atmosphere: Aerobic,Frozen: -80Celsius  or colderFreeze-Dried: 2Celsius  to 8Celsius Live Culture: See Propagation Section,unavailable
Pseudomonas sp. bacteriophage Ps-G3 (ATCC 49780-B1),$550.00,$467.50,unavailable,Ps-G3,1,freeze-dried,unavailable,unavailable,unavailable,Characterization
Micrococcus luteus bacteriophage N3 (ATCC 4698-B4),$550.00,$467.50,unavailable,N3 [Cay],1,freeze-dried,unavailable,unavailable,unavailable,unavailable
Micrococcus luteus bacteriophage N8 (ATCC 4698-B3),$550.00,$467.50,unavailable,N8 [Horse],1,freeze-dried,unavailable,unavailable,unavailable,unavailable
Bacillus megaterium bacteriophage G (ATCC 43725-B1),"$1,200.00","$1,020.00",unavailable,G [HER 276],1,test tube,ATCC  1652: Beef Extract Broth,"Temperature: 30Celsius 

Atmosphere: Aerobic",Frozen: -80Celsius  or colderFreeze-Dried: 2Celsius  to 8Celsius Live Culture: See Propagation Section,unavailable
Campylobacter coli bacteriophage 19 (ATCC 43135-B1),$550.00,$467.50,unavailable,19 [formerly 5],1,freeze-dried,unavailable,unavailable,unavailable,unavailable
Campylobacter coli bacteriophage 17 (ATCC 43133-B1),$550.00,$467.50,unavailable,17 [formerly 13],1,freeze-dried,unavailable,unavailable,unavailable,unavailable
Campylobacter coli bacteriophage 20 (ATCC 43136-B1),$550.00,$467.50,unavailable,20 [formerly 4],1,freeze-dried,unavailable,unavailable,unavailable,unavailable
18 (ATCC 43134-B1),$550.00,$467.50,unavailable,18 [formerly 7],1,freeze-dried,unavailable,unavailable,unavailable,unavailable
Mycobacterium sp. bacteriophage D-34 (ATCC 4243-B1),$550.00,$467.50,unavailable,D-34,1,freeze-dried,"ATCC  1395: Middlebrook 7H9 broth with ADC enrichment
ATCC  173: Middlebrook 7H10 agar with Middlebrook OADC enrichment","Temperature: 37Celsius 
Atmosphere: Aerobic",Frozen: -80Celsius  or colderFreeze-Dried: 2Celsius  to 8Celsius Live Culture: See Propagation Section,unavailable
Campylobacter jejuni subsp. jejuni bacteriophage 11 (ATCC 35925-B2),$550.00,$467.50,unavailable,11 [WI 386],1,frozen,ATCC  1423: Modified Brucella broth,"Temperature: 37Celsius 
Atmosphere: Microaerophilic",-80Celsius  or colder,unavailable
Campylobacter jejuni subsp. jejuni bacteriophage 13 (ATCC 35924-B2),$550.00,$467.50,unavailable,13 [J1 263],1,frozen,unavailable,unavailable,unavailable,unavailable
Campylobacter jejuni subsp. jejuni bacteriophage 9 (ATCC 35924-B1),$550.00,$467.50,unavailable,9 [WI 3263],1,frozen,unavailable,unavailable,unavailable,unavailable
Campylobacter jejuni subsp. jejuni bacteriophage 5 (ATCC 35922-B3),$550.00,$467.50,unavailable,14 [J2106],1,freeze-dried,unavailable,unavailable,unavailable,unavailable
Campylobacter jejuni subsp. jejuni bacteriophage 4 (ATCC 35921-B1),$550.00,$467.50,unavailable,4 [J2101],1,frozen,unavailable,unavailable,unavailable,unavailable
Campylobacter jejuni subsp. jejuni bacteriophage 2 (ATCC 35919-B1),$550.00,$467.50,unavailable,2 [J1 328],1,frozen,unavailable,unavailable,unavailable,unavailable
Escherichia coli bacteriophage NCIB 11234 (ATCC 35060-B2),$550.00,$467.50,unavailable,NCIB 11234 [T4am B17 gene 23],1,freeze-dried,ATCC  129: Nutrient agar/stabs/broth with 0.5% NaCl,Temperature: 37Celsius Atmosphere: Aerobic,Frozen: -80Celsius  or colderFreeze-Dried: 2Celsius  to 8Celsius Live Culture: See Propagation Section,unavailable
Escherichia coli bacteriophage NCIB 11233 (ATCC 35060-B1),$550.00,$467.50,unavailable,NCIB 11233 [T4am A453 gene 32],1,freeze-dried,ATCC  129: Nutrient agar/stabs/broth with 0.5% NaCl,"Temperature: 37Celsius 
Atmosphere: Aerobic",Frozen: -80Celsius  or colderFreeze-Dried: 2Celsius  to 8Celsius Live Culture: See Propagation Section,unavailable
Erwinia amylovora bacteriophage NCPPB 782 (ATCC 29850-B1),$550.00,$467.50,unavailable,NCPPB 782 [E1],1,freeze-dried,ATCC  3: Nutrient agar or nutrient broth,Temperature: 26Celsius Atmosphere: Aerobic,Frozen: -80Celsius  or colderFreeze-Dried: 2Celsius  to 8Celsius Live Culture: See Propagation Section,unavailable
Erwinia amylovora bacteriophage NCPPB 1508 (ATCC 29850-B2),$550.00,$467.50,unavailable,NCPPB 1508 [4L],1,freeze-dried,ATCC  3: Nutrient agar or nutrient broth,Temperature: 26Celsius Atmosphere: Aerobic,Frozen: -80Celsius  or colderFreeze-Dried: 2Celsius  to 8Celsius Live Culture: See Propagation Section,Characterization
Erwinia amylovora bacteriophage phi Ea104 (ATCC 29780-B5),$550.00,$467.50,unavailable,Phi Ea104,1,freeze-dried,ATCC  272: Nutrient glucose medium,Temperature: 26.0Celsius Atmosphere: Aerobic,unavailable,unavailable
Erwinia amylovora bacteriophage phi Ea100 (ATCC 29780-B4),$550.00,$467.50,unavailable,Phi Ea100,1,freeze-dried,ATCC  272: Nutrient glucose medium,Temperature: 26.0Celsius Atmosphere: Aerobic,unavailable,unavailable
Erwinia amylovora bacteriophage PEa1 (h) (ATCC 29780-B1),$550.00,$467.50,unavailable,PEa1 (h),1,freeze-dried,unavailable,Temperature: 26.0Celsius,unavailable,unavailable
Escherichia coli bacteriophage P4 sid1 (ATCC 29746-B1),$550.00,$467.50,unavailable,P4 sid1,1,frozen,ATCC  1020: LB modified broth,"Temperature: 37Celsius 
Atmosphere: Aerobic",Frozen: -80Celsius  or colderFreeze-Dried: 2Celsius  to 8Celsius Live Culture: See Propagation Section,unavailable
Bacillus thuringiensis bacteriophage MOR-1 (ATCC 29730-B1),$550.00,$467.50,unavailable,MOR-1,1,freeze-dried,unavailable,unavailable,unavailable,unavailable
Thermoactinomyces vulgaris bacteriophage 115A (ATCC 29680-B1),$550.00,$467.50,unavailable,115A,1,freeze-dried,unavailable,unavailable,unavailable,Isolation and characterization
Nostoc sp. bacteriophage AN-15 (ATCC 29106-B1),$550.00,$467.50,unavailable,AN-15,1,freeze-dried,unavailable,unavailable,unavailable,Characterization
Nostoc sp. bacteriophage A-1 (L) (ATCC 27893-B16),$550.00,$467.50,unavailable,A-1 (L),1,freeze-dried,ATCC  1142: Allen and Arnon medium plus nitrate,"Temperature: 26Celsius Atmosphere: Aerobic under light intensity of 2,000-3,000 lux",Frozen: -80Celsius  or colderFreeze-Dried: 2Celsius  to 8Celsius Live Culture: See Propagation Section,Characterization
Nostoc sp. bacteriophage N-1 (ATCC 27893-B15),$550.00,$467.50,unavailable,N-1 [ATCC 27347-B1],1,freeze-dried,ATCC  1142: Allen and Arnon medium plus nitrate,"Temperature: 26Celsius Atmosphere: Aerobic under light intensity of 2,000-3,000 lux",Frozen: -80Celsius  or colderFreeze-Dried: 2Celsius  to 8Celsius Live Culture: See Propagation Section,Characterization and replication in Nostoc muscorum
Nostoc sp. bacteriophage AN-26 (ATCC 27893-B1),$550.00,$467.50,unavailable,AN-26,1,freeze-dried,ATCC  1142: Allen and Arnon medium plus nitrate,"Temperature: 26Celsius Atmosphere: Aerobic under light intensity of 2,000-3,000 lux",Frozen: -80Celsius  or colderFreeze-Dried: 2Celsius  to 8Celsius Live Culture: See Propagation Section,Characterization
Nostoc sp. bacteriophage A-4 (L) (ATCC 27892-B3),$550.00,$467.50,unavailable,A-4 (L),1,freeze-dried,ATCC  1142: Allen and Arnon medium plus nitrate,"Temperature: 26Celsius Atmosphere: Aerobic under light intensity of 2,000­3,000 lux",2Celsius  to 8Celsius,Characterization
Nostoc sp. bacteriophage AN-22 (ATCC 27892-B1),$550.00,$467.50,unavailable,AN-22,1,freeze-dried,ATCC  1142: Allen and Arnon medium plus nitrate,"Temperature: 26Celsius 
Atmosphere: Aerobic under light intensity of 2,000­3,000 lux",2Celsius  to 8Celsius,Characterization
Bacillus cereus bacteriophage 282 (S) (ATCC 27877-B1),$550.00,$467.50,unavailable,282 (S),1,freeze-dried,unavailable,unavailable,unavailable,unavailable
Bacillus cereus bacteriophage 256 (R) (ATCC 27877-B2),$550.00,$467.50,unavailable,256 (R),1,freeze-dried,ATCC  779: G medium,"Temperature: 30Celsius 
Atmosphere: Aerobic",2Celsius  to 8Celsius,unavailable
Bacillus subtilis bacteriophage F (ATCC 27505-B1),$550.00,$467.50,unavailable,F [HER 346],1,freeze-dried,unavailable,unavailable,unavailable,unavailable
Nostoc sp. bacteriophage N-1 (ATCC 27347-B1),$550.00,$467.50,unavailable,N-1 [ATCC 27893-B15],1,freeze-dried,unavailable,unavailable,unavailable,Characterization
Mycobacterium smegmatis bacteriophage BK3 (ATCC 27203-B1),$550.00,$467.50,unavailable,BK3,1,freeze-dried,unavailable,unavailable,unavailable,unavailable
Mycobacterium smegmatis bacteriophage Bo1 (ATCC 27204-B1),$550.00,$467.50,unavailable,Bo 1,1,freeze-dried,unavailable,unavailable,unavailable,unavailable
Escherichia coli bacteriophage If2 (ATCC 27065-B2),$550.00,$467.50,unavailable,If2,1,frozen,unavailable,unavailable,unavailable,unavailable
Mycobacterium tuberculosis bacteriophage LG (ATCC 25618-B1),"$1,159.00",$985.15,unavailable,LG,3,unavailable,unavailable,unavailable,unavailable,unavailable
Yersinia pseudotuberculosis bacteriophage PST (ATCC 23207-B1),$550.00,$467.50,unavailable,PST,1,freeze-dried,unavailable,unavailable,unavailable,unavailable
Escherichia coli bacteriophage Z1K/1 (ATCC 25298-B1),$550.00,$467.50,unavailable,ZlK/1,1,freeze-dried,unavailable,unavailable,unavailable,unavailable
Escherichia coli bacteriophage ZJ/2 (ATCC 25298-B2),$550.00,$467.50,unavailable,ZJ/2,1,freeze-dried,unavailable,unavailable,unavailable,unavailable
Rhizobium radiobacter bacteriophage PR-590a (ATCC 25235-B1),$550.00,$467.50,unavailable,PR-590a,1,freeze-dried,unavailable,unavailable,unavailable,unavailable
Escherichia coli bacteriophage lambda sus O-8 (ATCC 23724-B6),$550.00,$467.50,unavailable,Lambda sus O-8,1,freeze-dried,unavailable,unavailable,unavailable,unavailable
Escherichia coli bacteriophage lambda sus r-5 (ATCC 23724-B4),$550.00,$467.50,unavailable,Lambda sus R-5,1,freeze-dried,unavailable,unavailable,unavailable,unavailable
Staphylococcus aureus subsp. aureus bacteriophage 15 [S6] (ATCC 23360-B1),$550.00,$467.50,unavailable,15 [S6],1,freeze-dried,ATCC  1831: Nutrient Broth/Agar w/ 400ug/ml Calcium Chloride,Temperature: 37Celsius Atmosphere: Aerobic,Frozen: -80Celsius  or colderFreeze-Dried: 2Celsius  to 8Celsius Live   Culture: See Propagation Section,unavailable
57 (ATCC 23355-B1),$550.00,$467.50,unavailable,57,1,freeze-dried,unavailable,unavailable,unavailable,unavailable
Shigella sp. bacteriophage 37 (ATCC 23354-B1),$550.00,$467.50,unavailable,37,1,freeze-dried,unavailable,unavailable,unavailable,unavailable
Shigella dysenteriae bacteriophage 2 (ATCC 23351-B1),$550.00,$467.50,unavailable,2,1,freeze-dried,unavailable,unavailable,unavailable,unavailable
Rhizobium radiobacter bacteriophage PB2 (ATCC 23341-B1),$550.00,$467.50,unavailable,PB2,1,freeze-dried,unavailable,unavailable,unavailable,unavailable
Listeria monocytogenes bacteriophage 243 (ATCC 23074-B1),$550.00,$467.50,unavailable,243,1,freeze-dried,unavailable,unavailable,unavailable,Detection of
Bacillus subtilis bacteriophage SP 10 (ATCC 23059-B1),$550.00,$467.50,unavailable,SP 10 [SP10],1,frozen,unavailable,unavailable,unavailable,unavailable
Escherichia coli bacteriophage MU9 (ATCC 21816-B1),$550.00,$467.50,unavailable,MU9,1,freeze-dried,unavailable,unavailable,unavailable,unavailable
Enterococcus sp. bacteriophage 120 (ATCC 19952-B1),$550.00,$467.50,unavailable,120,1,freeze-dried,unavailable,unavailable,unavailable,unavailable
Salmonella enterica subsp. enterica serovar Typhi bacteriophage 46 (ATCC 19942-B1),$550.00,$467.50,unavailable,46,1,frozen,unavailable,unavailable,unavailable,unavailable
Leeuwenhoekiella marinoflava bacteriophage P/SW1/a [NCMB 384] (ATCC 19326-B1),$550.00,$467.50,unavailable,P/SW1/a [NCMB 384],1,freeze-dried,ATCC  160: Seawater yeast extract agar,Temperature: 37Celsius Atmosphere: Aerobic,Frozen: -80Celsius  or colderFreeze-Dried: 2Celsius  to 8Celsius Live Culture: See Propagation Section,unavailable
Plectonema boryanum bacteriophage LPP-2 (ATCC 18200-B2),$550.00,$467.50,unavailable,"LPP-2, strain SPI",1,freeze-dried,ATCC  341: CHU #10 medium,Temperature: 26Celsius Atmosphere: Aerobic under 150 foot candles of light,Frozen: -80Celsius  or colderFreeze-Dried: 2Celsius  to 8Celsius Live Culture: See Propagation Section,Characterization
Plectonema boryanum bacteriophage LPP-1 (ATCC 18200-B1),$550.00,$467.50,unavailable,LPP-1 [ATCC 15581-B1],1,freeze-dried,ATCC  341: CHU #10 medium,"Temperature: 26Celsius 
Atmosphere: Aerobic under 150 foot candles of light",Frozen: -80Celsius  or colderFreeze-Dried: 2Celsius  to 8Celsius Live Culture: See Propagation Section,Characterization
Clostridium sporogenes bacteriophage 72-L (ATCC 17886-B6),$550.00,$467.50,unavailable,72-L,1,freeze-dried,ATCC  51: AC Broth,"Temperature: 37Celsius 
Atmosphere: Anaerobic",Frozen: -80Celsius  or colderFreeze-Dried: 2Celsius  to 8Celsius Live Culture: See Propagation Section,unavailable
Clostridium sporogenes bacteriophage 72-S (ATCC 17886-B5),$550.00,$467.50,unavailable,72-S,1,freeze-dried,ATCC  51: AC Broth,"Temperature: 37Celsius 
Atmosphere: Anaerobic",Frozen: -80Celsius  or colderFreeze-Dried: 2Celsius  to 8Celsius Live Culture: See Propagation Section,unavailable
Clostridium sporogenes bacteriophage 70 (ATCC 17886-B3),$550.00,$467.50,unavailable,70,1,freeze-dried,ATCC  51: AC Broth,"Temperature: 37Celsius 
Atmosphere: Anaerobic",Frozen: -80Celsius  or colderFreeze-Dried: 2Celsius  to 8Celsius Live Culture: See Propagation Section,unavailable
Clostridium sporogenes bacteriophage 59 (ATCC 17886-B1),$550.00,$467.50,unavailable,59,1,freeze-dried,ATCC  51: AC Broth,"Temperature: 37Celsius 
Atmosphere: Anaerobic",Frozen: -80Celsius  or colderFreeze-Dried: 2Celsius  to 8Celsius Live Culture: See Propagation Section,unavailable
Escherichia coli bacteriophage Ox6 (ATCC 15593-B1),$550.00,$467.50,unavailable,Ox6,1,frozen,ATCC  270: Nutrient agar with NaCl and sodium citrate,Temperature: 37Celsius Atmosphere: Aerobic,Frozen: -80Celsius  or colderFreeze-Dried: 2Celsius  to 8Celsius Live Culture: See Propagation Section,unavailable
Erwinia amylovora bacteriophage 4S (ATCC 19383-B2),$550.00,$467.50,unavailable,4S,1,freeze-dried,ATCC  272: Nutrient glucose medium,Temperature: 28Celsius Atmosphere: Aerobic,Frozen: -80Celsius  or colderFreeze-Dried: 2Celsius  to 8Celsius Live Culture: See Propagation Section,unavailable
Bacillus subtilis bacteriophage SP8 (ATCC 15563-B1),$550.00,$467.50,unavailable,SP8,1,frozen,ATCC  648: Penassay broth (Antibiotic  3)  with 0.001 M Mg++,Temperature: 37Celsius Atmosphere: Aerobic,Frozen: -80Celsius  or colderFreeze-Dried: 2Celsius  to 8Celsius Live Culture: See Propagation Section,unavailable
Pseudomonas aeruginosa bacteriophage B3 (ATCC 15692-B1),$550.00,$467.50,unavailable,B3,1,freeze-dried,ATCC  129: Nutrient agar/stabs/broth with 0.5% NaCl,Temperature: 37Celsius Atmosphere: Aerobic,Frozen: -80Celsius  or colderFreeze-Dried: 2Celsius  to 8Celsius Live Culture: See Propagation Section,unavailable
Mycobacterium vaccae bacteriophage B5 (ATCC 15483-B1),$550.00,$467.50,unavailable,B5,1,unavailable,"ATCC  1395: Middlebrook 7H9 broth with ADC enrichment
ATCC  173: Middlebrook 7H10 agar with Middlebrook OADC enrichment",Temperature: 37Celsius Atmosphere: Aerobic,Frozen: -80Celsius  or colderFreeze-Dried: 2Celsius  to 8Celsius Live Culture: See Propagation Section,unavailable
Pseudomonas aeruginosa bacteriophage 44 (ATCC 14209-B1),$550.00,$467.50,unavailable,44,1,freeze-dried,ATCC  1325: Berk’s,Temperature: 37Celsius Atmosphere: Aerobic,Frozen: -80Celsius  or colderFreeze-Dried: 2Celsius  to 8Celsius Live Culture: See Propagation Section,unavailable
Pseudomonas aeruginosa bacteriophage 109 (ATCC 14212-B1),$550.00,$467.50,unavailable,109,1,frozen,ATCC  44: Brain Heart Infusion Agar/Broth,"Temperature: 37Celsius Atmosphere: 

Aerobic",Frozen: -80Celsius  or colderFreeze-Dried: 2Celsius  to   8Celsius Live Culture: See Propagation Section,unavailable
Pseudomonas aeruginosa bacteriophage 95 (ATCC 14211-B1),$550.00,$467.50,unavailable,95,1,freeze-dried,ATCC  44: Brain Heart Infusion Agar/Broth,"Temperature: 37Celsius Atmosphere: 

Aerobic",Frozen: -80Celsius  or colderFreeze-Dried: 2Celsius  to 8Celsius Live Culture: See Propagation Section,unavailable
Pseudomonas aeruginosa bacteriophage 73 (ATCC 14210-B1),$550.00,$467.50,unavailable,73,1,frozen,ATCC  44: Brain Heart Infusion Agar/Broth,Temperature: 37Celsius Atmosphere: Aerobic,Frozen: -80Celsius  or colderFreeze-Dried: 2Celsius  to 8Celsius Live Culture: See Propagation Section,unavailable
Pseudomonas aeruginosa bacteriophage 24 (ATCC 14207-B1),$550.00,$467.50,unavailable,24,1,frozen,ATCC  44: Brain Heart Infusion Agar/Broth,Temperature: 37Celsius Atmosphere: Aerobic,Frozen: -80Celsius  or colderFreeze-Dried: 2Celsius  to 8Celsius Live Culture: See Propagation Section,unavailable
Pseudomonas aeruginosa bacteriophage 16 (ATCC 14206-B1),$550.00,$467.50,unavailable,16,1,frozen,ATCC  44: Brain Heart Infusion Agar/Broth,Temperature: 37Celsius Atmosphere: Aerobic,Frozen: -80Celsius  or colderFreeze-Dried: 2Celsius  to 8Celsius Live Culture: See Propagation Section,unavailable
Shigella flexneri bacteriophage D20 (ATCC 12661-B1),$550.00,$467.50,unavailable,D20,1,freeze-dried,ATCC  129: Nutrient agar/stabs/broth with 0.5% NaCl,Temperature: 37Celsius Atmosphere: Aerobic,Frozen: -80Celsius  or colderFreeze-Dried: 2Celsius  to 8Celsius Live Culture: See Propagation Section,unavailable
Pseudomonas putida bacteriophage gh-1 (ATCC 12633-B1),$550.00,$467.50,unavailable,gh-1,1,freeze-dried,ATCC  3: Nutrient agar or nutrient broth,Temperature: 26Celsius Atmosphere: Aerobic,Frozen: -80Celsius  or colderFreeze-Dried: 2Celsius  to 8Celsius Live Culture: See Propagation Section,unavailable
Streptococcus sp. bacteriophage 1B (ATCC 12170-B1),$550.00,$467.50,unavailable,Enterococcus phage 1B,1,freeze-dried,ATCC  265: Enriched nutrient broth,Temperature: 37Celsius Atmosphere: Aerobic,Frozen: -80Celsius  or colderFreeze-Dried: 2Celsius  to 8Celsius Live Culture: See Propagation Section,unavailable
Escherichia coli bacteriophage 6C (ATCC 12144-B4),$550.00,$467.50,unavailable,6C,1,freeze-dried,ATCC  365: Starch agar medium for Pseudomonas,Temperature: 37Celsius Atmosphere: Aerobic,Frozen: -80Celsius  or colderFreeze-Dried: 2Celsius  to 8Celsius Live Culture: See Propagation Section,unavailable
Escherichia coli bacteriophage 8 (ATCC 12144-B2),$550.00,$467.50,unavailable,8,1,freeze-dried,ATCC  265: Enriched nutrient broth,Temperature: 37Celsius Atmosphere: Aerobic,Frozen: -80Celsius  or colderFreeze-Dried: 2Celsius  to 8Celsius Live Culture: See Propagation Section,unavailable
Escherichia coli bacteriophage 49B (ATCC 12142-B1),$550.00,$467.50,unavailable,49B,1,freeze-dried,ATCC  265: Enriched nutrient broth,Temperature: 37Celsius Atmosphere: Aerobic,Frozen: -80Celsius  or colderFreeze-Dried: 2Celsius  to 8Celsius Live Culture: See Propagation Section,unavailable
Escherichia coli bacteriophage 5 (ATCC 12141-B1),$550.00,$467.50,unavailable,5,1,frozen,ATCC  265: Enriched nutrient broth,Temperature: 37Celsius Atmosphere: Aerobic,Frozen: -80Celsius  or colderFreeze-Dried: 2Celsius  to 8Celsius Live Culture: See Propagation   Section,unavailable
Escherichia coli bacteriophage 24B (ATCC 12142-B2),$550.00,$467.50,unavailable,24B,1,freeze-dried,ATCC  265: Enriched nutrient broth,Temperature: 37Celsius Atmosphere: Aerobic,Frozen: -80Celsius  or colderFreeze-Dried: 2Celsius  to 8Celsius Live Culture: See Propagation Section,unavailable
Escherichia coli bacteriophage FCZ (ATCC 12142-B5),$550.00,$467.50,unavailable,FCZ,1,freeze-dried,ATCC  265: Enriched nutrient broth,Temperature: 37Celsius Atmosphere: Aerobic,Frozen: -80Celsius  or colderFreeze-Dried: 2Celsius  to 8Celsius Live Culture: See Propagation Section,unavailable
Escherichia coli bacteriophage 53 alpha (ATCC 12142-B4),$550.00,$467.50,unavailable,53 alpha,1,freeze-dried,ATCC  265: Enriched nutrient broth,Temperature: 37Celsius Atmosphere: Aerobic,Frozen: -80Celsius  or colderFreeze-Dried: 2Celsius  to 8Celsius Live Culture: See Propagation Section,unavailable
Streptococcus sp. bacteriophage 1A (ATCC 12169-B1),$550.00,$467.50,unavailable,Enterococcus phage 1A,1,freeze-dried,ATCC  265: Enriched nutrient broth,Temperature: 37Celsius Atmosphere: Aerobic,Frozen: -80Celsius  or colderFreeze-Dried: 2Celsius  to 8Celsius Live Culture: See Propagation Section,unavailable
Paenibacillus polymyxa bacteriophage C (ATCC 12060-B3),$550.00,$467.50,unavailable,C,1,frozen,ATCC  265: Enriched nutrient broth,Temperature: 26Celsius Atmosphere: Aerobic,Frozen: -80Celsius  or colderFreeze-Dried: 2Celsius  to 8Celsius Live Culture: See Propagation   Section,unavailable
Pseudomonas aeruginosa bacteriophage Pc (ATCC 12055-B3),$550.00,$467.50,unavailable,Pc,1,freeze-dried,ATCC  3: Nutrient agar or nutrient broth,Temperature: 37Celsius Atmosphere: Aerobic,Frozen: -80Celsius  or colderFreeze-Dried: 2Celsius  to   8Celsius Live Culture: See Propagation Section,unavailable
Paenibacillus polymyxa bacteriophage D (ATCC 12060-B4),$550.00,$467.50,unavailable,D,1,frozen,ATCC  265: Enriched nutrient broth,Temperature: 26Celsius Atmosphere: Aerobic,Frozen: -80Celsius  or colderFreeze-Dried: 2Celsius  to 8Celsius Live Culture: See Propagation   Section,unavailable
Paenibacillus polymyxa bacteriophage A (ATCC 12060-B1),$550.00,$467.50,unavailable,A,1,freeze-dried,ATCC  265: Enriched nutrient broth,Temperature: 26Celsius Atmosphere: Aerobic,Frozen: -80Celsius  or colderFreeze-Dried: 2Celsius  to 8Celsius Live Culture: See Propagation   Section,unavailable
Pseudomonas aeruginosa bacteriophage Pb (ATCC 12055-B2),$550.00,$467.50,unavailable,Pb,1,freeze-dried,ATCC  3: Nutrient agar or nutrient broth,Temperature: 37Celsius Atmosphere: Aerobic,Frozen: -80Celsius  or colderFreeze-Dried: 2Celsius  to   8Celsius Live Culture: See Propagation Section,unavailable
Pseudomonas aeruginosa bacteriophage Pa (ATCC 12055-B1),$550.00,$467.50,unavailable,Pa,1,freeze-dried,ATCC  3: Nutrient agar or nutrient broth,Temperature: 37Celsius Atmosphere: Aerobic,Frozen: -80Celsius  or colderFreeze-Dried: 2Celsius  to   8Celsius Live Culture: See Propagation Section,unavailable
Bacillus mycoides bacteriophage (ATCC 11986-B1),$550.00,$467.50,unavailable,unavailable,1,freeze-dried,ATCC  254: Heart Infusion Agar/Broth,Temperature: 37Celsius Atmosphere: Aerobic,Frozen: -80Celsius  or colderFreeze-Dried: 2Celsius  to 8Celsius Live Culture: See Propagation Section,unavailable
Streptomyces griseus subsp. griseus bacteriophage 22653 (ATCC 11984-B1),$550.00,$467.50,unavailable,22653 [Carvajal's strain 1],1,freeze-dried,"ATCC  196: Yeast malt extract agar
ATCC  1877: ISP  1",Temperature: 26Celsius Atmosphere: Aerobic,Frozen: -80Celsius  or colderFreeze-Dried: 2Celsius  to 8Celsius Live Culture: See Propagation Section,unavailable
Mycobacterium sp. bacteriophage (ATCC 11761-B1),$550.00,$467.50,unavailable,unavailable,2,freeze-dried,"ATCC  1395: Middlebrook 7H9 broth with ADC enrichment
ATCC  173: Middlebrook 7H10 agar with Middlebrook OADC enrichment",Temperature: 37Celsius Atmosphere: Aerobic,Frozen: -80Celsius  or colderFreeze-Dried: 2Celsius  to 8Celsius Live Culture: See Propagation Section,unavailable
Mycobacterium phlei bacteriophage (ATCC 11728-B1),$550.00,$467.50,unavailable,unavailable,2,freeze-dried,"ATCC  173: Middlebrook 7H10 agar with Middlebrook OADC enrichment
ATCC  1395: Middlebrook 7H9 broth with ADC enrichment
ATCC  90: Lowenstein Jenson medium",Temperature: 37Celsius Atmosphere: Aerobic,Frozen: -80Celsius  or colderFreeze-Dried: 2Celsius  to 8Celsius Live Culture: See Propagation Section,unavailable
Lactococcus lactis subsp. cremoris bacteriphage w (ATCC 11603-B1),$550.00,$467.50,unavailable,W,1,frozen,ATCC  33: Tomato juice agar,Temperature: 37Celsius Atmosphere: Aerobic,Frozen: -80Celsius  or colderFreeze-Dried: 2Celsius  to 8Celsius Live Culture: See Propagation Section,unavailable
Escherichia coli bacteriophage C33 (ATCC 11303-B21),$550.00,$467.50,unavailable,C33,1,freeze-dried,ATCC  129: Nutrient agar/stabs/broth with 0.5% NaCl,Temperature: 37Celsius Atmosphere: Aerobic,Frozen: -80Celsius  or colderFreeze-Dried: 2Celsius  to 8Celsius Live Culture: See Propagation Section,unavailable
Escherichia coli bacteriophage 184 (ATCC 11303-B19),"For-Profit:
$235.00",,unavailable,184,1,freeze-dried,ATCC  129: Nutrient agar/stabs/broth with 0.5% NaCl,Temperature: 37Celsius Atmosphere: Aerobic,Frozen: -80Celsius  or colderFreeze-Dried: 2Celsius  to 8Celsius Live Culture: See Propagation Section,unavailable
Escherichia coli bacteriophage G178 (ATCC 11303-B16),$550.00,$467.50,unavailable,G178,1,freeze-dried,ATCC  129: Nutrient agar/stabs/broth with 0.5% NaCl,Temperature: 37Celsius Atmosphere: Aerobic,Frozen: -80Celsius  or colderFreeze-Dried: 2Celsius  to 8Celsius Live Culture: See Propagation Section,unavailable
Escherichia coli bacteriophage C204 (ATCC 11303-B13),$550.00,$467.50,unavailable,C204,1,freeze-dried,ATCC  129: Nutrient agar/stabs/broth with 0.5% NaCl,Temperature: 37Celsius Atmosphere: Aerobic,Frozen: -80Celsius  or colderFreeze-Dried: 2Celsius  to 8Celsius Live Culture: See Propagation Section,unavailable
Escherichia coli bacteriophage BG3 (ATCC 11303-B10),$550.00,$467.50,unavailable,BG3,1,freeze-dried,ATCC  129: Nutrient agar/stabs/broth with 0.5% NaCl,Temperature: 37Celsius Atmosphere: Aerobic,Frozen: -80Celsius  or colderFreeze-Dried: 2Celsius  to 8Celsius Live Culture: See Propagation Section,unavailable
Xanthomonas arboricola pathovar pruni bacteriophage XP2 (ATCC 10016-B2),$550.00,$467.50,unavailable,XP2,1,frozen,ATCC  129: Nutrient agar/stabs/broth with 0.5% NaCl,Temperature: 30Celsius Atmosphere: Aerobic,Frozen: -80Celsius  or colderFreeze-Dried: 2Celsius  to 8Celsius Live Culture: See Propagation Section,unavailable
Xanthomonas arboricola pathovar pruni bacteriophage XP1 (ATCC 10016-B1),$550.00,$467.50,unavailable,XP1,1,frozen,ATCC  129: Nutrient agar/stabs/broth with 0.5% NaCl,Temperature: 30Celsius Atmosphere: Aerobic,Frozen: -80Celsius  or colderFreeze-Dried: 2Celsius  to 8Celsius Live Culture: See Propagation Section,unavailable
Klebsiella pneumoniae subsp. pneumoniae bacteriophage 92 (ATCC 23357-B1),$550.00,$467.50,unavailable,92,1,frozen,ATCC  3: Nutrient agar or nutrient broth,"Temperature: 37Celsius 
Atmosphere: Aerobic",Frozen: -80Celsius  or colderFreeze-Dried: 2Celsius  to 8Celsius Live Culture: See Propagation Section,unavailable
Klebsiella pneumoniae subsp. pneumoniae bacteriophage 60 (ATCC 23356-B1),$550.00,$467.50,unavailable,60,1,frozen,ATCC  3: Nutrient agar or nutrient broth,"Temperature: 37Celsius 
Atmosphere: Aerobic",Frozen: -80Celsius  or colderFreeze-Dried: 2Celsius  to 8Celsius Live Culture: See Propagation Section,unavailable
Staphylococcus aureus subsp. aureus bacteriophage P14 (ATCC 11988-B1),$550.00,$467.50,unavailable,P14,1,freeze-dried,ATCC  265: Enriched nutrient broth,Temperature: 37Celsius Atmosphere: Aerobic,Store filtrate at 4Celsius . Storage at -20Celsius  may cause inactivation of the phage.,unavailable
Streptococcus pyogenes bacteriophage A6 (ATCC 12203-B1),$550.00,$467.50,unavailable,A6,1,freeze-dried,ATCC  235: Todd-Hewitt broth,Temperature: 37Celsius Atmosphere: Aerobic,Frozen: -80Celsius  or colderFreeze-Dried: 2Celsius  to 8Celsius Live Culture: See Propagation Section,unavailable
Staphylococcus aureus subsp. aureus bacteriophage CDC 83A (ATCC 27706-B1),$550.00,$467.50,unavailable,CDC 83A,1,freeze-dried,ATCC  1831: Nutrient Broth/Agar w/ 400ug/ml Calcium Chloride,Temperature: 37Celsius Atmosphere: Aerobic,Store filtrate at 4Celsius .  Storage at 20Celsius  may cause inactivation of the phage.,unavailable
Staphylococcus aureus subsp. aureus bacteriophage CDC 79 (ATCC 27693-B2),$550.00,$467.50,unavailable,CDC 79,1,freeze-dried,ATCC  1831: Nutrient Broth/Agar w/ 400ug/ml Calcium Chloride,Temperature: 37Celsius Atmosphere: Aerobic,Store filtrate at 4Celsius .  Storage at 20Celsius  may cause inactivation of the phage.,unavailable
Pseudomonas fluorescens bacteriophage phi-S1 (ATCC 27663-B1),$376.00,$319.60,unavailable,Phi-S1,1,freeze-dried,ATCC  691: Pseudomonas phage medium,"Temperature: 26Celsius 
Atmosphere: Aerobic",Frozen: -80Celsius  or colderFreeze-Dried: 2Celsius  to 8Celsius Live Culture: See Propagation Section,unavailable
Staphylococcus aureus subsp. aureus bacteriophage 6 (ATCC 27704-B1),$550.00,$467.50,unavailable,6,1,freeze-dried,ATCC  1831: Nutrient Broth/Agar w/ 400ug/ml Calcium Chloride,Temperature: 37Celsius Atmosphere: Aerobic,Store filtrate at 4Celsius .  Storage at 20Celsius  may cause inactivation of the phage.,unavailable
Escherichia coli bacteriophage T4 (ATCC 11303-B40),$550.00,$467.50,unavailable,"T4 rII PT1, partial deletion rII",1,freeze-dried,ATCC  129: Nutrient agar/stabs/broth with 0.5% NaCl,Temperature: 37Celsius Atmosphere: Aerobic,Frozen: -80Celsius  or colderFreeze-Dried: 2Celsius  to 8Celsius Live Culture: See Propagation Section,unavailable
Escherichia coli bacteriophage T4 (ATCC 11303-B39),$550.00,$467.50,unavailable,"T4 rIIa 44, rIIA mutant",1,freeze-dried,ATCC  129: Nutrient agar/stabs/broth with 0.5% NaCl,Temperature: 37Celsius Atmosphere: Aerobic,Frozen: -80Celsius  or colderFreeze-Dried: 2Celsius  to 8Celsius Live Culture: See Propagation Section,unavailable
Escherichia coli bacteriophage r638 (ATCC 11303-B36),$550.00,$467.50,unavailable,r638,1,freeze-dried,ATCC  129: Nutrient agar/stabs/broth with 0.5% NaCl,Temperature: 37Celsius Atmosphere: Aerobic,Frozen: -80Celsius  or colderFreeze-Dried: 2Celsius  to 8Celsius Live Culture: See Propagation Section,unavailable
Escherichia coli bacteriophage r187 (ATCC 11303-B35),$550.00,$467.50,unavailable,r187,1,freeze-dried,ATCC  129: Nutrient agar/stabs/broth with 0.5% NaCl,Temperature: 37Celsius Atmosphere: Aerobic,Frozen: -80Celsius  or colderFreeze-Dried: 2Celsius  to 8Celsius Live Culture: See Propagation Section,unavailable
Escherichia coli bacteriophage rJ3 (ATCC 11303-B31),$550.00,$467.50,unavailable,rJ3,1,freeze-dried,ATCC  129: Nutrient agar/stabs/broth with 0.5% NaCl,Temperature: 37Celsius Atmosphere: Aerobic,Frozen: -80Celsius  or colderFreeze-Dried: 2Celsius  to 8Celsius Live Culture: See Propagation Section,unavailable
Escherichia coli bacteriophage rEDb50 (ATCC 11303-B29),$550.00,$467.50,unavailable,rEDb50,1,freeze-dried,ATCC  129: Nutrient agar/stabs/broth with 0.5% NaCl,Temperature: 37Celsius Atmosphere: Aerobic,Frozen: -80Celsius  or colderFreeze-Dried: 2Celsius  to 8Celsius Live Culture: See Propagation Section,unavailable
Escherichia coli bacteriophage r1589 (ATCC 11303-B32),$550.00,$467.50,unavailable,r1589,1,freeze-dried,ATCC  129: Nutrient agar/stabs/broth with 0.5% NaCl,Temperature: 37Celsius Atmosphere: Aerobic,Frozen: -80Celsius  or colderFreeze-Dried: 2Celsius  to 8Celsius Live Culture: See Propagation Section,unavailable
Escherichia coli bacteriophage rH23 (ATCC 11303-B30),$550.00,$467.50,unavailable,rH23,1,freeze-dried,ATCC  129: Nutrient agar/stabs/broth with 0.5% NaCl,Temperature: 37Celsius Atmosphere: Aerobic,Frozen: -80Celsius  or colderFreeze-Dried: 2Celsius  to 8Celsius Live Culture: See Propagation Section,unavailable
Escherichia coli bacteriophage rEDb45 (ATCC 11303-B28),$550.00,$467.50,unavailable,rEDb45,1,freeze-dried,ATCC  129: Nutrient agar/stabs/broth with 0.5% NaCl,Temperature: 37Celsius Atmosphere: Aerobic,Frozen: -80Celsius  or colderFreeze-Dried: 2Celsius  to 8Celsius Live Culture: See Propagation Section,unavailable
Escherichia coli bacteriophage rEDb44 (ATCC 11303-B27),$550.00,$467.50,unavailable,rEDb44,1,freeze-dried,ATCC  129: Nutrient agar/stabs/broth with 0.5% NaCl,Temperature: 37Celsius Atmosphere: Aerobic,Frozen: -80Celsius  or colderFreeze-Dried: 2Celsius  to 8Celsius Live Culture: See Propagation Section,unavailable
Escherichia coli bacteriophage r196 (ATCC 11303-B34),$550.00,$467.50,unavailable,r196,1,freeze-dried,ATCC  129: Nutrient agar/stabs/broth with 0.5% NaCl,Temperature: 37Celsius Atmosphere: Aerobic,Frozen: -80Celsius  or colderFreeze-Dried: 2Celsius  to 8Celsius Live Culture: See Propagation Section,unavailable
Escherichia coli bacteriophage 221 (ATCC 11303-B22),$550.00,$467.50,unavailable,221,1,freeze-dried,ATCC  129: Nutrient agar/stabs/broth with 0.5% NaCl,Temperature: 37Celsius Atmosphere: Aerobic,Frozen: -80Celsius  or colderFreeze-Dried: 2Celsius  to 8Celsius Live Culture: See Propagation Section,unavailable
Escherichia coli bacteriophage 547 (ATCC 11303-B17),$550.00,$467.50,unavailable,547,1,freeze-dried,ATCC  129: Nutrient agar/stabs/broth with 0.5% NaCl,Temperature: 37Celsius Atmosphere: Aerobic,Frozen: -80Celsius  or colderFreeze-Dried: 2Celsius  to 8Celsius Live Culture: See Propagation Section,unavailable
Escherichia coli bacteriophage rED220 (ATCC 11303-B26),$550.00,$467.50,unavailable,rED220,1,freeze-dried,ATCC  129: Nutrient agar/stabs/broth with 0.5% NaCl,Temperature: 37Celsius Atmosphere: Aerobic,Frozen: -80Celsius  or colderFreeze-Dried: 2Celsius  to 8Celsius Live Culture: See Propagation Section,unavailable
Escherichia coli bacteriophage UV1 (ATCC 11303-B15),$550.00,$467.50,unavailable,UV1,1,freeze-dried,ATCC  129: Nutrient agar/stabs/broth with 0.5% NaCl,Temperature: 37Celsius Atmosphere: Aerobic,Frozen: -80Celsius  or colderFreeze-Dried: 2Celsius  to 8Celsius Live Culture: See Propagation Section,unavailable
Escherichia coli bacteriophage r71 (ATCC 11303-B25),$550.00,$467.50,unavailable,r71,1,freeze-dried,ATCC  129: Nutrient agar/stabs/broth with 0.5% NaCl,Temperature: 37Celsius Atmosphere: Aerobic,Frozen: -80Celsius  or colderFreeze-Dried: 2Celsius  to 8Celsius Live Culture: See Propagation Section,unavailable
Escherichia coli bacteriophage UV47 (ATCC 11303-B11),$550.00,$467.50,unavailable,UV47,1,freeze-dried,ATCC  129: Nutrient agar/stabs/broth with 0.5% NaCl,Temperature: 37Celsius Atmosphere: Aerobic,Frozen: -80Celsius  or colderFreeze-Dried: 2Celsius  to 8Celsius Live Culture: See Propagation Section,unavailable
Escherichia coli bacteriophage rA105 (ATCC 11303-B37),$550.00,$467.50,unavailable,rA105,1,freeze-dried,ATCC  129: Nutrient agar/stabs/broth with 0.5% NaCl,Temperature: 37Celsius Atmosphere: Aerobic,Frozen: -80Celsius  or colderFreeze-Dried: 2Celsius  to 8Celsius Live Culture: See Propagation Section,unavailable
Escherichia coli bacteriophage rEDa41 (ATCC 11303-B24),$550.00,$467.50,unavailable,rEDa41,1,freeze-dried,ATCC  129: Nutrient agar/stabs/broth with 0.5% NaCl,Temperature: 37Celsius Atmosphere: Aerobic,Frozen: -80Celsius  or colderFreeze-Dried: 2Celsius  to 8Celsius Live Culture: See Propagation Section,unavailable
Escherichia coli bacteriophage T1 (ATCC 11303-B1),$235.00,$199.75,unavailable,T1,1,frozen,ATCC  129: Nutrient agar/stabs/broth with 0.5% NaCl,Temperature: 37Celsius Atmosphere: Aerobic,-80Celsius  or colder,unavailable
Escherichia coli bacteriophage fr (ATCC 15767-B1),$376.00,$319.60,unavailable,fr,1,freeze-dried,ATCC  212: Yeast-tryptone medium,"Temperature: 37Celsius 
Atmosphere: Aerobic",Frozen: -80Celsius  or colderFreeze-Dried: 2Celsius  to 8Celsius Live Culture: See Propagation Section,unavailable
Staphylococcus aureus subsp. aureus bacteriophage CDC 29 (ATCC 27705-B1),$235.00,$199.75,unavailable,CDC 29,1,freeze-dried,ATCC  1831: Nutrient Broth/Agar w/ 400ug/ml Calcium Chloride,Temperature: 37Celsius Atmosphere: Aerobic,Store filtrate at 4Celsius .  Storage at 20Celsius  may cause inactivation of the phage.,unavailable
Escherichia coli bacteriophage T6 (ATCC 11303-B6),$376.00,$319.60,unavailable,T6,1,freeze-dried,ATCC  129: Nutrient agar/stabs/broth with 0.5% NaCl,Temperature: 37Celsius Atmosphere: Aerobic,Frozen: -80Celsius  or colderFreeze-Dried: 2Celsius  to 8Celsius Live Culture: See Propagation Section,unavailable
Staphylococcus aureus subsp. aureus bacteriophage K (ATCC 19685-B1),$402.00,$341.70,unavailable,K,1,freeze-dried,ATCC  44: Brain Heart Infusion Agar/Broth,"Temperature: 37Celsius 
Atmosphere: Aerobic",Frozen: -80Celsius  or colderFreeze-Dried: 2Celsius  to 8Celsius Live Culture: See Propagation Section,unavailable
Staphylococcus aureus subsp. aureus bacteriophage 54 (ATCC 27695-B1),$235.00,$199.75,unavailable,54,1,freeze-dried,unavailable,Temperature: 37Celsius Atmosphere: Aerobic,Store filtrate at 4Celsius . Storage at 20Celsius  may cause inactivation of the phage.,unavailable
Escherichia coli bacteriophage P1 (ATCC 25404-B1),$67.00,$56.95,unavailable,"P1 [ATCC 11303-B23, P1kc]",1,frozen,"ATCC  1065: LB Agar/Broth, Miller",Temperature: 37Celsius Atmosphere: Aerobic,Frozen: -80Celsius  or colderFreeze-Dried: 2Celsius  to 8Celsius Live Culture: See Propagation Section,unavailable
Pseudomonas aeruginosa bacteriophage Lindberg 21 (ATCC BAA-28-B2),$376.00,$319.60,unavailable,HER-3,1,freeze-dried,ATCC  18: Trypticase Soy Agar/Broth,"Temperature: 37Celsius 
Atmosphere: Aerobic",Frozen: -80Celsius  or colderFreeze-Dried: 2Celsius  to 8Celsius Live Culture: See Propagation Section,unavailable
Staphylococcus aureus subsp. aureus bacteriophage UC 18 (ATCC 15752-B1),$376.00,$319.60,unavailable,UC 18,1,freeze-dried,ATCC  18: Trypticase Soy Agar/Broth,Temperature: 37Celsius Atmosphere: Aerobic,Store filtrate at 4Celsius .  Storage at 20Celsius  may cause inactivation of the phage.,unavailable
Salmonella enterica subsp. enterica serovar Typhimurium bacteriophage SL-1 (ATCC 40282),$376.00,$319.60,unavailable,SL-1,1,freeze-dried,unavailable,unavailable,unavailable,unavailable
Mycobacterium smegmatis bacteriophage (ATCC 11759-B1),$376.00,$319.60,unavailable,unavailable,1,freeze-dried,"ATCC  1395: Middlebrook 7H9 broth with ADC enrichment
ATCC  173: Middlebrook 7H10 agar with Middlebrook OADC enrichment",Temperature: 37Celsius Atmosphere: Aerobic,Frozen: -80Celsius  or colderFreeze-Dried: 2Celsius  to 8Celsius Live Culture: See Propagation Section,unavailable
Escherichia coli bacteriophage MS2 (ATCC 15597-B1),$72.00,$61.20,unavailable,MS2,1,freeze-dried,ATCC  271: Escherichia medium,Temperature: 37Celsius Atmosphere: Aerobic,Frozen: -80Celsius  or colderFreeze-Dried: 2Celsius  to 8Celsius Live Culture: See Propagation Section,"Water testing
Control Culture Ref USEPA Manuual of Method for Virology, Chapeter 16. Washington, DC:Environmental Protection Agency;EPA EPA 600/4-84/013 (N16), 2001
coliphages in water Ref 9224 C: Male-specific coliphage assay using Escherichia coli Famp. Washington, DC:American Public Health Association;Standard Methods for the Examination of Water and Wastewater, 2005 APHA9224 - Detection of Coliphages;.
control strain RefEnvironmental Protection Agency Male-specific (F+) and Somatic Coliphage in Water by Two-Step Enrichment Procedure. Washington, DC:Environmental Protection Agency;EPA EPA Method 1601, 2001 RefEnvironmental Protection Agency Male-specific (F+) and Somatic Coliphage in Water by Single Agar Layer (SAL) Procedure. Washington, DC:Environmental Protection Agency;EPA EPA Method 1602, 2001
detection of bacteriophages Ref Water quality --- Detection and enumeration of bacteriophages --- Part 1: Enumeration of F-specific RNA bacteriophages [BS EN ISO 10705-1:2001]. London, UK:British Standards Institution;British Standard BS 6068-4.11:1996.
testing Ref Inactivation of MS2 virus in Drinking Water. Washington, DC:Environmental Protection Agency;EPA EPA NSF 02/03/EPADWCTR. Ref Protocal for Equipment Verification Testing for Physical Removal of Microbiological and Particulate Contaminants. Washington, DC:Environmental Protection Agency;EPA EPA 05/9205/EPADWCTR."
Pseudomonas aeruginosa bacteriophage 2 (ATCC 14203-B1),$376.00,$319.60,unavailable,Phage 2,1,freeze-dried,ATCC  1325: Berk’s,Temperature: 37Celsius Atmosphere: Aerobic,Frozen: -80Celsius  or colderFreeze-Dried: 2Celsius  to 8Celsius Live Culture: See Propagation Section,"Phage therapy research RefMcVay CS, Velasquez M, Fralick JA. Phage Therapy of Pseudomonas aeruginosa Infection in a Mouse Burn Wound Model. Antimicrob. Agents Chemother. 51(6): 1934-1938, 2007."
Escherichia coli bacteriophage T3 (ATCC BAA-1025-B1),$376.00,$319.60,unavailable,T3,1,freeze-dried,ATCC  129: Nutrient agar/stabs/broth with 0.5% NaCl,"Temperature: 37Celsius 
Atmosphere: Aerobic",Frozen: -80Celsius  or colderFreeze-Dried: 2Celsius  to 8Celsius Live Culture: See Propagation Section,unavailable
Cutibacterium acnes bacteriophage (ATCC 29399-B1),$376.00,$319.60,unavailable,unavailable,2,freeze-dried,ATCC  1490: Modified chopped meat medium,"Temperature: 37Celsius 
Atmosphere: Anaerobic",Frozen: -80Celsius  or colderFreeze-Dried: 2Celsius  to 8Celsius Live Culture: See Propagation Section,unavailable
Clostridium sporogenes bacteriophage 71 (ATCC 17886-B4),$376.00,$319.60,unavailable,71,1,freeze-dried,ATCC  51: AC Broth,"Temperature: 37Celsius 
Atmosphere: Anaerobic",Frozen: -80Celsius  or colderFreeze-Dried: 2Celsius  to 8Celsius Live Culture: See Propagation Section,unavailable
Staphylococcus aureus subsp. aureus bacteriophage 88 (ATCC 33742-B1),$376.00,$319.60,unavailable,88,1,frozen,ATCC  1418: Phage 88,"Temperature: 37Celsius 
Atmosphere: Aerobic",-80Celsius  or colder,Assay of methicillin-resistant strains
Bacteroides fragilis bacteriophage B56-3 (ATCC 700786-B1),$376.00,$319.60,unavailable,B56-3,2,freeze-dried,unavailable,unavailable,unavailable,"Detection ofDetection of bacteriophagesReference phage for ISO 107054, Standard Method for Detection and Enumeration of Bacteriophages Infecting Bacteroides fragilisWater testing"
Escherichia coli bacteriophage PR772 (ATCC BAA-769-B1),$402.00,$341.70,unavailable,PR772 (HER 221),1,frozen,ATCC  18: Trypticase Soy Agar/Broth,"Temperature: 37Celsius 
Atmosphere: Aerobic",Frozen: -80Celsius  or colderFreeze-Dried: 2Celsius  to 8Celsius Live Culture: See Propagation Section,unavailable
Escherichia coli bacteriophage Q-β (ATCC 23631-B1),$402.00,$341.70,unavailable,Q-beta,1,freeze-dried,ATCC  603: TYG medium,"Temperature: 37Celsius 
Atmosphere: Aerobic",Frozen: -80Celsius  or colderFreeze-Dried: 2Celsius  to 8Celsius Live Culture: See Propagation Section,unavailable
Bacillus subtilis bacteriophage SPO1 (ATCC 27370-B1),$376.00,$319.60,unavailable,SPO1,1,frozen,ATCC  265: Enriched nutrient broth,"Temperature: 37Celsius 
Atmosphere: Aerobic",Frozen: -80Celsius  or colderFreeze-Dried: 2Celsius  to   8Celsius Live Culture: See Propagation Section,unavailable
Escherichia coli bacteriophage lambda standard (ATCC 23724-B2),$402.00,$341.70,unavailable,λ standard,1,freeze-dried,ATCC  595: TNT medium,Temperature: 37Celsius Atmosphere: Aerobic,Frozen: -80Celsius  or colderFreeze-Dried: 2Celsius  to 8Celsius Live Culture: See Propagation Section,unavailable
Bacteroides fragilis bacteriophage B40-8 (ATCC 51477-B1),$376.00,$319.60,unavailable,B40-8,2,freeze-dried,ATCC  1490: Modified chopped meat medium,"Temperature: 37Celsius 
Atmosphere: Anaerobic",Frozen: -80Celsius  or colderFreeze-Dried: 2Celsius  to 8Celsius Live Culture: See Propagation Section,Reference phage for ATCC 51477
Bacillus subtilis bacteriophage S-a (ATCC 15841-B1),$376.00,$319.60,unavailable,S-a,1,freeze-dried,ATCC  3: Nutrient agar or nutrient broth,Temperature: 37Celsius Atmosphere: Aerobic,Frozen: -80Celsius  or colderFreeze-Dried: 2Celsius  to 8Celsius Live Culture: See Propagation Section,unavailable
Lactobacillus plantarum bacteriophage (ATCC 8014-B2),$402.00,$341.70,unavailable,unavailable,1,freeze-dried,ATCC  416: Lactobacilli MRS Agar/Broth,Temperature: 37Celsius Atmosphere: Aerobic,Frozen: -80Celsius  or colderFreeze-Dried: 2Celsius  to 8Celsius Live Culture: See Propagation Section,unavailable
Bacillus anthracis bacteriophage WIP-1 (ATCC BAA-1254-B2),$376.00,$319.60,unavailable,Wip1,1,frozen,ATCC  44: Brain Heart Infusion Agar/Broth,Temperature:  30Celsius  Atmosphere:  Aerobic,unavailable,unavailable
Enterococcus faecalis bacteriophage VD 13 (ATCC 29200-B1),$376.00,$319.60,unavailable,VD13,1,freeze-dried,unavailable,unavailable,unavailable,unavailable
Escherichia coli bacteriophage Mu-1  (ATCC 23724-B9),$376.00,$319.60,unavailable,Mu-1,1,frozen,ATCC  595: TNT medium,"Temperature: 37Celsius 
Atmosphere: Aerobic",Frozen: -80Celsius  or colderFreeze-Dried: 2Celsius  to 8Celsius Live Culture: See Propagation Section,unavailable
Escherichia coli bacteriophage Phi X174 (ATCC 13706-B1),$251.00,$213.35,unavailable,Phi X174,1,frozen,ATCC  129: Nutrient agar/stabs/broth with 0.5% NaCl,Temperature: 37Celsius Atmosphere: Aerobic,Frozen: -80Celsius  or colderFreeze-Dried: 2Celsius  to 8Celsius Live Culture: See Propagation Section,Control CultureResistance TestingColiphages in waterControl strainDetection of bacteriophagesReporter constructTestingTesting polyethylene filmWater testing
Escherichia coli bacteriophage M13 (ATCC 15669-B1),$402.00,$341.70,unavailable,M13,1,freeze-dried,"ATCC  274: Tryptone broth, 1%",Temperature: 37Celsius Atmosphere: Aerobic,Frozen: -80Celsius  or colderFreeze-Dried: 2Celsius  to 8Celsius Live Culture: See Propagation Section,unavailable
Staphylococcus aureus subsp. aureus bacteriophage 52 (ATCC 27692-B1),$67.00,$56.95,unavailable,CDC 52,1,frozen,ATCC  1831: Nutrient Broth/Agar w/ 400ug/ml Calcium Chloride,"Temperature: 37Celsius 
Atmosphere: Aerobic",Frozen: -80Celsius  or colderFreeze-Dried: 2Celsius  to 8Celsius Live Culture: See Propagation Section,unavailable
Streptococcus sp. bacteriophage 118 (ATCC 19951-B2),$376.00,$319.60,unavailable,118,1,frozen,ATCC  44: Brain Heart Infusion Agar/Broth,Temperature: 37Celsius Atmosphere: Aerobic,Frozen: -80Celsius  or colderFreeze-Dried: 2Celsius  to 8Celsius Live Culture: See Propagation Section,unavailable
Escherichia coli bacteriophage lambda C-17 (ATCC 23724-B1),$376.00,$319.60,unavailable,Lambda C-17,1,freeze-dried,unavailable,unavailable,unavailable,unavailable
Staphylococcus aureus subsp. aureus bacteriophage CDC 52A (ATCC 27693-B1),$235.00,$199.75,unavailable,CDC 52A,1,freeze-dried,ATCC  1831: Nutrient Broth/Agar w/ 400ug/ml Calcium Chloride,Temperature: 37Celsius Atmosphere: Aerobic,Store filtrate at 4Celsius . Storage at 20Celsius  may cause inactivation of the phage.,unavailable
Enterococcus faecalis bacteriophage 42 (ATCC 19948-B1),$376.00,$319.60,unavailable,42,1,freeze-dried,ATCC  44: Brain Heart Infusion Agar/Broth,Temperature: 37Celsius Atmosphere: Aerobic,Frozen: -80Celsius  or colderFreeze-Dried: 2Celsius  to 8Celsius Live Culture: See Propagation Section,unavailable
Pseudomonas aeruginosa bacteriophage PB-1 (ATCC 15692-B3),$402.00,$341.70,unavailable,PB-1,1,freeze-dried,ATCC  129: Nutrient agar/stabs/broth with 0.5% NaCl,Temperature: 37Celsius Atmosphere: Aerobic,Frozen: -80Celsius  or colderFreeze-Dried: 2Celsius  to 8Celsius Live Culture: See Propagation Section,unavailable
Mycobacterium fortuitum subsp. fortuitum bacteriophage Minetti (ATCC 23052-B1),$550.00,$467.50,unavailable,Minetti,2,freeze-dried,unavailable,unavailable,unavailable,unavailable
Vibrio cholerae bacteriophage 145 (ATCC 14100-B2),$376.00,$319.60,unavailable,145,1,freeze-dried,ATCC  265: Enriched nutrient broth,Temperature: 37Celsius Atmosphere: Aerobic,Frozen: -80Celsius  or colderFreeze-Dried: 2Celsius  to 8Celsius Live Culture: See Propagation Section,unavailable
Salmonella enterica subsp. enterica serovar Typhi bacteriophage Vi I (ATCC 27870-B1),$376.00,$319.60,unavailable,Vi I,1,frozen,unavailable,unavailable,unavailable,unavailable
Escherichia coli bacteriophage T2 (ATCC 11303-B2),$67.00,$56.95,unavailable,T2,1,frozen,ATCC  129: Nutrient agar/stabs/broth with 0.5% NaCl,Temperature: 37Celsius Atmosphere:  Aerobic,Frozen: -80Celsius  or colderFreeze-Dried: 2Celsius  to 8Celsius Live Culture: See Propagation Section,unavailable
Pseudoalteromonas espejiana bacteriophage PM2 (ATCC 27025-B1),$376.00,$319.60,unavailable,PM2,1,frozen,ATCC  588: AMS medium,"Temperature: 30Celsius 
Atmosphere: Aerobic",Frozen: -80Celsius  or colderFreeze-Dried: 2Celsius  to 8Celsius Live Culture: See Propagation Section,unavailable
Escherichia coli bacteriophage phi 92 (ATCC 35860-B1),$376.00,$319.60,unavailable,Phi 92,1,freeze-dried,unavailable,unavailable,unavailable,Produces endo-N-acetylneuraminidase
Escherichia coli bacteriophage rH88 (ATCC 11303-B33),$235.00,$199.75,unavailable,rH88,1,freeze-dried,ATCC  129: Nutrient agar/stabs/broth with 0.5% NaCl,Temperature: 37Celsius Atmosphere: Aerobic,Frozen: -80Celsius  or colderFreeze-Dried: 2Celsius  to 8Celsius Live Culture: See Propagation Section,unavailable
Enterococcus faecium bacteriophage 113 (ATCC 19950-B1),$376.00,$319.60,unavailable,113,1,frozen,ATCC  44: Brain Heart Infusion Agar/Broth,Temperature: 37Celsius Atmosphere: Aerobic,Frozen: -80Celsius  or colderFreeze-Dried: 2Celsius  to 8Celsius Live Culture: See Propagation Section,unavailable
Escherichia coli bacteriophage T4 (ATCC 11303-B41),$235.00,$199.75,unavailable,"T4 rII 1241, partial deletion rII",1,freeze-dried,ATCC  129: Nutrient agar/stabs/broth with 0.5% NaCl,Temperature: 37Celsius Atmosphere: Aerobic,Frozen: -80Celsius  or colderFreeze-Dried: 2Celsius  to 8Celsius Live Culture: See Propagation Section,unavailable
Pantoea ananatis bacteriophage Erh1 (ATCC 8366-B1),$376.00,$319.60,unavailable,Erh 1,1,freeze-dried,unavailable,unavailable,unavailable,unavailable
Staphylococcus aureus subsp. aureus bacteriophage CDC 81 (ATCC 27701-B1),$235.00,$199.75,unavailable,CDC 81,1,freeze-dried,ATCC  1831: Nutrient Broth/Agar w/ 400ug/ml Calcium Chloride,Temperature: 37Celsius Atmosphere: Aerobic,Store filtrate at 4Celsius .  Storage at 20Celsius  may cause inactivation of the phage.,unavailable
Pseudomonas aeruginosa bacteriophage F116 (ATCC BAA-47-B1),$376.00,$319.60,unavailable,HER-18 [F116L],2,freeze-dried,ATCC  18: Trypticase Soy Agar/Broth,Temperature: 37Celsius Atmosphere: Aerobic,2Celsius  to 8Celsius,unavailable
Escherichia coli bacteriophage T3 (ATCC 11303-B3),$376.00,$319.60,unavailable,T3,1,freeze-dried,ATCC  129: Nutrient agar/stabs/broth with 0.5% NaCl,Temperature: 37Celsius Atmosphere: Aerobic,Frozen: -80Celsius  or colderFreeze-Dried: 2Celsius  to 8Celsius Live Culture: See Propagation Section,unavailable
Pseudomonas aeruginosa bacteriophage PP7  (ATCC 15692-B4),$376.00,$319.60,unavailable,"PP7 [ATCC 15692-B2, ATCC 25247-B1]",1,freeze-dried,ATCC  129: Nutrient agar/stabs/broth with 0.5% NaCl,"Temperature: 37Celsius 
Atmosphere: Aerobic",Frozen: -80Celsius  or colderFreeze-Dried: 2Celsius  to 8Celsius Live Culture: See Propagation Section,unavailable
Vibrio sp. bacteriophage (ATCC 11985-B1),$376.00,$319.60,unavailable,unavailable,1,frozen,ATCC  8: Nutrient Agar/Broth w/ 3% NaCl,Temperature: 26Celsius Atmosphere: Aerobic,Frozen: -80Celsius  or colderFreeze-Dried: 2Celsius  to 8Celsius Live Culture: See Propagation Section,unavailable
Vibrio cholerae bacteriophage 138 pe/8 (ATCC 14100-B1),$376.00,$319.60,unavailable,138,1,freeze-dried,ATCC  265: Enriched nutrient broth,Temperature: 37Celsius Atmosphere: Aerobic,Frozen: -80Celsius  or colderFreeze-Dried: 2Celsius  to 8Celsius Live Culture: See Propagation Section,unavailable
Staphylococcus aureus subsp. aureus bacteriophage 3C (ATCC 27703-B1),$235.00,$199.75,unavailable,3C,1,freeze-dried,ATCC  1831: Nutrient Broth/Agar w/ 400ug/ml Calcium Chloride,Temperature: 37Celsius Atmosphere: Aerobic,Store filtrate at 4Celsius .  Storage at 20Celsius  may cause inactivation of the phage.,unavailable
Vibrio cholerae bacteriophage IV (ATCC 51352-B9),$376.00,$319.60,unavailable,IV,1,frozen,ATCC  129: Nutrient agar/stabs/broth with 0.5% NaCl,Temperature: 37Celsius Atmosphere: Aerobic,Frozen: -80Celsius  or colderFreeze-Dried: 2Celsius  to 8Celsius Live Culture: See Propagation Section,unavailable
Salmonella enterica subsp. enterica serovar Typhimurium bacteriophage P22 (ATCC 97540),$376.00,$319.60,unavailable,P22 [Argo4],1,freeze-dried,"ATCC  1065: LB Agar/Broth, Miller","Temperature: 37Celsius 
Atmosphere: Aerobic",Frozen: -80Celsius  or colderFreeze-Dried: 2Celsius  to 8Celsius Live Culture: See Propagation Section,"Potential bacteremia therapeutic agent
This is one of six bacteriophage strains deposited at the ATCC (97537-97539 are lambda strains and 97540-97542 are P22 strains) that remain in the mouse circulatory system for long periods of time. They are potential therapeutic agents for bacteremias."
Pseudomonas aeruginosa bacteriophage 113 (ATCC 14213-B1),$376.00,$319.60,unavailable,113,1,freeze-dried,ATCC  44: Brain Heart Infusion Agar/Broth,"Temperature: 37Celsius Atmosphere: 

Aerobic",Frozen: -80Celsius  or colderFreeze-Dried: 2Celsius  to   8Celsius Live Culture: See Propagation Section,unavailable
Escherichia coli bacteriophage T7 (ATCC BAA-1025-B2),$402.00,$341.70,unavailable,T7,1,freeze-dried,ATCC  129: Nutrient agar/stabs/broth with 0.5% NaCl,Temperature: 37Celsius Atmosphere: Aerobic,Frozen: -80Celsius  or colderFreeze-Dried: 2Celsius  to 8Celsius Live Culture: See Propagation Section,unavailable
Salmonella enterica subsp. enterica serovar Typhimurium bacteriophage P22 (ATCC 19585-B1),$235.00,$199.75,unavailable,P22 [PLT-22(22)],1,freeze-dried,ATCC  129: Nutrient agar/stabs/broth with 0.5% NaCl,Temperature: 37Celsius Atmosphere: Aerobic,Frozen: -80Celsius  or colderFreeze-Dried: 2Celsius  to 8Celsius Live Culture: See Propagation Section,Emerging infectious disease research
Escherichia coli bacteriophage T4 (ATCC 11303-B4),$72.00,$61.20,unavailable,T4,1,frozen,ATCC  129: Nutrient agar/stabs/broth with 0.5% NaCl,Temperature: 37Celsius Atmosphere: Aerobic,Frozen: -80Celsius  or colderFreeze-Dried: 2Celsius  to 8Celsius Live Culture: See Propagation Section,Testing of aerosol containment on cell sorters
Staphylococcus aureus subsp. aureus bacteriophage 71 (ATCC 27697-B1),$550.00,$467.50,unavailable,71,1,frozen,ATCC  1831: Nutrient Broth/Agar w/ 400ug/ml Calcium Chloride,Temperature: 37Celsius Atmosphere: Aerobic,Store filtrate at 4Celsius .  Storage at 20Celsius  may cause inactivation of the phage.,unavailable
Staphylococcus aureus subsp. aureus bacteriophage 3A (ATCC 27702-B1),$550.00,$467.50,unavailable,3A,1,freeze-dried,ATCC  1831: Nutrient Broth/Agar w/ 400ug/ml Calcium Chloride,Temperature: 37Celsius Atmosphere: Aerobic,Store filtrate at 4Celsius .  Storage at 20Celsius  may cause inactivation of the phage.,unavailable
Mycobacterium tuberculosis bacteriophage DS6A (ATCC 25618-B2),"$1,159.00",$985.15,unavailable,DS6A,3,frozen,unavailable,unavailable,unavailable,unavailable
Streptococcus sp. bacteriophage (ATCC 21597-B1),"For-Profit:
$235.00",,unavailable,unavailable,2,freeze-dried,unavailable,unavailable,unavailable,Induction of lytic enzyme in Streptococcus sp. Group C
Xanthomonas citri subsp. malvacearum bacteriophage K (ATCC 14986-B1),"For-Profit:
$550.00",,unavailable,IMI strain K,1,frozen,ATCC  268: Peptone sucrose broth,Temperature: 26Celsius Atmosphere: Aerobic,Frozen: -80Celsius  or colderFreeze-Dried: 2Celsius  to 8Celsius Live Culture: See Propagation Section,unavailable
Xanthomonas citri subsp. malvacearum bacteriophage D (ATCC 14983-B1),$550.00,$467.50,unavailable,IMI strain D,1,frozen,ATCC  268: Peptone sucrose broth,Temperature: 26Celsius Atmosphere: Aerobic,Frozen: -80Celsius  or colderFreeze-Dried: 2Celsius  to 8Celsius Live Culture: See Propagation Section,unavailable
Xanthomonas citri subsp. malvacearum bacteriophage J (ATCC 14984-B1),$550.00,$467.50,unavailable,IMI strain J,1,frozen,ATCC  268: Peptone sucrose broth,Temperature: 26Celsius Atmosphere: Aerobic,Frozen: -80Celsius  or colderFreeze-Dried: 2Celsius  to 8Celsius Live Culture: See Propagation Section,unavailable
Xanthomonas citri subsp. malvacearum bacteriophage E (ATCC 14985-B1),$550.00,$467.50,unavailable,IMI strain E,1,frozen,ATCC  268: Peptone sucrose broth,Temperature: 26Celsius Atmosphere: Aerobic,Frozen: -80Celsius  or colderFreeze-Dried: 2Celsius  to 8Celsius Live Culture: See Propagation Section,unavailable
Xanthomonas citri subsp. malvacearum bacteriophage C (ATCC 14982-B1),$550.00,$467.50,unavailable,IMI strain C,1,frozen,ATCC  268: Peptone sucrose broth,Temperature: 26Celsius Atmosphere: Aerobic,Frozen: -80Celsius  or colderFreeze-Dried: 2Celsius  to 8Celsius Live Culture: See Propagation Section,unavailable
Lacticaseibacillus paracasei bacteriophage J1 (ATCC 27139-B1),$550.00,$467.50,unavailable,J1,1,freeze-dried,unavailable,unavailable,unavailable,unavailable
Vibrio cholerae bacteriophage S-20 (ATCC 51352-B3),$550.00,$467.50,unavailable,S-20,1,freeze-dried,ATCC  129: Nutrient agar/stabs/broth with 0.5% NaCl,Temperature: 37Celsius Atmosphere: Aerobic,Frozen: -80Celsius  or colderFreeze-Dried: 2Celsius  to 8Celsius Live Culture: See Propagation Section,unavailable
Staphylococcus aureus subsp. aureus bacteriophage 187 (ATCC 15564-B1),"For-Profit:
$550.00",,unavailable,187 [NCTC 9753],1,freeze-dried,ATCC  18: Trypticase Soy Agar/Broth,Temperature: 30Celsius Atmosphere: Aerobic,Frozen: -80Celsius  or colderFreeze-Dried: 2Celsius  to 8Celsius Live   Culture: See Propagation Section,unavailable
Bacillus subtilis bacteriophage SPP1 (ATCC 27689-B1),"For-Profit:
$550.00",,unavailable,SPP1,1,frozen,unavailable,unavailable,unavailable,unavailable
Escherichia coli bacteriophage T7M (Meselson) (ATCC 11303-B38),"For-Profit:
$235.00",,unavailable,T7M (Meselson),1,freeze-dried,ATCC  129: Nutrient agar/stabs/broth with 0.5% NaCl,"Temperature: 37Celsius 
Atmosphere: Aerobic",Frozen: -80Celsius  or colderFreeze-Dried: 2Celsius  to 8Celsius Live Culture: See Propagation Section,unavailable
Escherichia coli bacteriophage 250 (ATCC 11303-B20),$550.00,$467.50,unavailable,250,1,freeze-dried,ATCC  129: Nutrient agar/stabs/broth with 0.5% NaCl,Temperature: 37Celsius Atmosphere: Aerobic,Frozen: -80Celsius  or colderFreeze-Dried: 2Celsius  to 8Celsius Live Culture: See Propagation Section,unavailable
Hafnia alvei bacteriophage 1672 (ATCC 51873-B1),$550.00,$467.50,unavailable,1672 [HER 272],1,freeze-dried,ATCC  3: Nutrient agar or nutrient broth,Temperature: 30Celsius Atmosphere: Aerobic,Frozen: -80Celsius  or colderFreeze-Dried: 2Celsius  to 8Celsius Live Culture: See Propagation Section,unavailable
Staphylococcus aureus subsp. aureus bacteriophage 42E (ATCC 27690-B1),"For-Profit:
$376.00",,unavailable,42E,1,freeze-dried,ATCC  1831: Nutrient Broth/Agar w/ 400ug/ml Calcium Chloride,Temperature: 37Celsius Atmosphere: Aerobic,Store filtrate at 4Celsius .  Storage at 20Celsius  may cause inactivation of the phage.,unavailable
Streptococcus pyogenes bacteriophage A1 (ATCC 12202-B1),$376.00,$319.60,unavailable,A1,1,frozen,ATCC  44: Brain Heart Infusion Agar/Broth,Temperature: 37Celsius Atmosphere: Aerobic,Frozen: -80Celsius  or colderFreeze-Dried: 2Celsius  to 8Celsius Live Culture: See Propagation Section,unavailable
Vibrio cholerae bacteriophage M-4 (ATCC 51352-B4),"For-Profit:
$550.00",,unavailable,M-4,1,freeze-dried,ATCC  129: Nutrient agar/stabs/broth with 0.5% NaCl,Temperature: 37Celsius Atmosphere: Aerobic,Frozen: -80Celsius  or colderFreeze-Dried: 2Celsius  to 8Celsius Live Culture: See Propagation Section,unavailable
Campylobacter jejuni subsp. jejuni bacteriophage 12 (ATCC 35922-B2),"For-Profit:
$550.00",,unavailable,12 [WI 3106],1,frozen,unavailable,unavailable,unavailable,unavailable
Escherichia coli bacteriophage PhiXcs70am-3 (ATCC 49696-B1),$550.00,$467.50,unavailable,PhiXcs70am-3,1,frozen,unavailable,unavailable,unavailable,unavailable
Pseudomonas aeruginosa bacteriophage M6 (ATCC BAA-31-B1),$550.00,$467.50,unavailable,HER-17 [M6Lindberg],1,freeze-dried,ATCC  18: Trypticase Soy Agar/Broth,Temperature: 37.0Celsius Atmosphere: Aerobic,unavailable,unavailable
Staphylococcus aureus subsp. aureus bacteriophage 17 (ATCC 23361-B1),"For-Profit:
$235.00",,unavailable,17,1,frozen,ATCC  1831: Nutrient Broth/Agar w/ 400ug/ml Calcium Chloride,Temperature: 37Celsius Atmosphere: Aerobic,Store vial at 4Celsius  upon receipt.  Storage at 20Celsius  may cause inactivation of the phage.,unavailable
Xanthomonas campestris bacteriophage RR 68 (ATCC 33437-B1),$550.00,$467.50,unavailable,RR 68,1,freeze-dried,unavailable,unavailable,unavailable,Characterization
Escherichia coli bacteriophage 205 (ATCC 11303-B12),$550.00,$467.50,unavailable,205,1,freeze-dried,ATCC  129: Nutrient agar/stabs/broth with 0.5% NaCl,Temperature: 37Celsius Atmosphere: Aerobic,Frozen: -80Celsius  or colderFreeze-Dried: 2Celsius  to 8Celsius Live Culture: See Propagation Section,unavailable
Staphylococcus aureus subsp. aureus bacteriophage CDC 80 (ATCC 27700-B1),"For-Profit:
$550.00",,unavailable,CDC 80,1,freeze-dried,ATCC  1831: Nutrient Broth/Agar w/ 400ug/ml Calcium Chloride,Temperature: 37Celsius Atmosphere: Aerobic,Store filtrate at 4Celsius .  Storage at 20Celsius  may cause inactivation of the phage.,unavailable
Pseudomonas aeruginosa bacteriophage Lindberg 16 (ATCC BAA-27-B1),$550.00,$467.50,unavailable,HER-2 [16Lindberg],1,freeze-dried,ATCC  18: Trypticase Soy Agar/Broth,Temperature: 37.0Celsius Atmosphere: Aerobic,unavailable,unavailable
Staphylococcus aureus subsp. aureus bacteriophage P1 (ATCC 11987-B1),$550.00,$467.50,unavailable,P1,1,freeze-dried,ATCC  44: Brain Heart Infusion Agar/Broth,Temperature: 37Celsius Atmosphere: Aerobic,Frozen: -80Celsius  or colderFreeze-Dried: 2Celsius  to 8Celsius Live   Culture: See Propagation Section,unavailable
Pseudomonas aeruginosa bacteriophage 249 (ATCC 14214-B1),$550.00,$467.50,unavailable,249,1,freeze-dried,ATCC  44: Brain Heart Infusion Agar/Broth,"Temperature: 37Celsius Atmosphere: 

Aerobic",Frozen: -80Celsius  or colderFreeze-Dried: 2Celsius  to   8Celsius Live Culture: See Propagation Section,unavailable
Escherichia coli bacteriophage fd (ATCC 15669-B2),$550.00,$467.50,unavailable,fd,1,freeze-dried,"ATCC  274: Tryptone broth, 1%","Temperature: 37Celsius Atmosphere: 

Aerobic",Frozen: -80Celsius  or colderFreeze-Dried: 2Celsius  to   8Celsius Live Culture: See Propagation Section,unavailable
Mycobacterium sp. bacteriophage B1 (ATCC 23239-B1),$550.00,$467.50,unavailable,B1,1,freeze-dried,unavailable,unavailable,unavailable,unavailable
Lactobacillus paracasei subsp. paracasei bacteriophage PL-1 (ATCC 27092-B1),$550.00,$467.50,unavailable,PL-1,1,freeze-dried,unavailable,unavailable,unavailable,unavailable
Vibrio cholerae bacteriophage II (ATCC 51352-B7),"For-Profit:
$550.00",,unavailable,II,1,freeze-dried,ATCC  129: Nutrient agar/stabs/broth with 0.5% NaCl,Temperature: 37Celsius Atmosphere: Aerobic,Frozen: -80Celsius  or colderFreeze-Dried: 2Celsius  to 8Celsius Live Culture: See Propagation Section,unavailable
Pseudomonas aeruginosa bacteriophage Lindberg 44 (ATCC BAA-81-B1),"For-Profit:
$550.00",,unavailable,HER-6 [44Lindberg],1,freeze-dried,ATCC  18: Trypticase Soy Agar/Broth,Temperature: 37Celsius Atmosphere: Aerobic,Frozen: -80Celsius  or colderFreeze-Dried: 2Celsius  to 8Celsius Live Culture: See Propagation Section,unavailable
Staphylococcus aureus subsp. aureus bacteriophage 77 (ATCC 27699-B1),$550.00,$467.50,unavailable,77,1,freeze-dried,ATCC  1831: Nutrient Broth/Agar w/ 400ug/ml Calcium Chloride,Temperature: 37Celsius Atmosphere: Aerobic,Store filtrate at 4Celsius .  Storage at 20Celsius  may cause inactivation of the phage.,unavailable
Mycobacterium sp. bacteriophage (ATCC 11760-B1),$550.00,$467.50,unavailable,unavailable,2,freeze-dried,"ATCC  1395: Middlebrook 7H9 broth with ADC enrichment
ATCC  173: Middlebrook 7H10 agar with Middlebrook OADC enrichment",Temperature: 37Celsius Atmosphere: Aerobic,Frozen: -80Celsius  or colderFreeze-Dried: 2Celsius  to 8Celsius Live Culture: See Propagation Section,unavailable
Escherichia coli bacteriophage fd (ATCC 15669-B2),"For-Profit:
$402.00",,unavailable,fd,1,freeze-dried,"ATCC  274: Tryptone broth, 1%","Temperature: 37Celsius Atmosphere: 

Aerobic",Frozen: -80Celsius  or colderFreeze-Dried: 2Celsius  to   8Celsius Live Culture: See Propagation Section,unavailable
Campylobacter jejuni subsp. jejuni bacteriophage 7 (ATCC 35922-B1),$550.00,$467.50,unavailable,7 [L2 106],1,frozen,unavailable,unavailable,unavailable,unavailable
Staphylococcus aureus subsp. aureus bacteriophage 92 (ATCC 33741-B1),$550.00,$467.50,unavailable,92,1,freeze-dried,ATCC  1831: Nutrient Broth/Agar w/ 400ug/ml Calcium Chloride,"Temperature: 37Celsius 
Atmosphere: Aerobic",Store filtrate at 4Celsius .  Storage at -20Celsius  may cause inactivation of the phage.,Assay of methicillin-resistant strains
Bacillus stearothermophilus bacteriophage (ATCC 12016-B1),$550.00,$467.50,unavailable,unavailable,1,freeze-dried,ATCC  266: Trypticase broth (supplemented),Temperature: 55Celsius Atmosphere: Aerobic,Frozen: -80Celsius  or colderFreeze-Dried: 2Celsius  to 8Celsius Live Culture: See Propagation Section,unavailable
Bacillus weihenstephanensis bacteriophage (ATCC 12826-B2),"For-Profit:
$376.00",,unavailable,unavailable,1,frozen,ATCC  3: Nutrient agar or nutrient broth,Temperature: 30Celsius Atmosphere: Aerobic,Frozen: -80Celsius  or colderFreeze-Dried: 2Celsius  to 8Celsius Live Culture: See Propagation Section,unavailable
Lactobacillus plantarum bacteriophage (ATCC 8014-B1),"For-Profit:
$235.00",,unavailable,unavailable,1,freeze-dried,unavailable,unavailable,unavailable,unavailable
Escherichia coli bacteriophage Alpha 3 (ATCC 13706-B2),"For-Profit:
$251.00",,unavailable,Alpha 3,1,freeze-dried,ATCC  129: Nutrient agar/stabs/broth with 0.5% NaCl,Temperature: 37Celsius Atmosphere: Aerobic,Frozen: -80Celsius  or colderFreeze-Dried: 2Celsius  to 8Celsius Live Culture: See Propagation Section,unavailable
Staphylococcus aureus subsp. aureus bacteriophage CDC 47 (ATCC 27691-B1),$550.00,$467.50,unavailable,CDC 47,1,freeze-dried,ATCC  1831: Nutrient Broth/Agar w/ 400ug/ml Calcium Chloride,Temperature: 37Celsius Atmosphere: Aerobic,Store filtrate at 4Celsius .  Storage at 20Celsius  may cause inactivation of the phage.,unavailable
Staphylococcus aureus subsp. aureus bacteriophage 53 (ATCC 27694-B1),$550.00,$467.50,unavailable,CDC 53,1,freeze-dried,ATCC  1831: Nutrient Broth/Agar w/ 400ug/ml Calcium Chloride,"Temperature: 37Celsius 
Atmosphere: Aerobic",Frozen: -80Celsius  or colderFreeze-Dried: 2Celsius  to 8Celsius Live Culture: See Propagation Section,unavailable
Mycobacterium smegmatis bacteriophage (ATCC 11727-B1),"For-Profit:
$235.00",,unavailable,unavailable,1,freeze-dried,"ATCC  1395: Middlebrook 7H9 broth with ADC enrichment
ATCC  173: Middlebrook 7H10 agar with Middlebrook OADC enrichment",Temperature: 37Celsius Atmosphere: Aerobic,Frozen: -80Celsius  or colderFreeze-Dried: 2Celsius  to 8Celsius Live Culture: See Propagation Section,unavailable
Staphylococcus aureus subsp. aureus bacteriophage 187 (ATCC 27709-B1),$550.00,$467.50,unavailable,187,1,freeze-dried,ATCC  1831: Nutrient Broth/Agar w/ 400ug/ml Calcium Chloride,Temperature: 37Celsius Atmosphere: Aerobic,Store filtrate at 4Celsius .  Storage at 20Celsius  may cause inactivation of the phage.,unavailable
Lactococcus lactis subsp. lactis bacteriophage F-68 (ATCC 11955-B1),$550.00,$467.50,unavailable,F-68,1,frozen,ATCC  33: Tomato juice agar,Temperature: 37Celsius Atmosphere: Aerobic,Frozen: -80Celsius  or colderFreeze-Dried: 2Celsius  to 8Celsius Live Culture: See Propagation Section,unavailable
Vibrio cholerae bacteriophage N-4 (ATCC 51352-B1),$550.00,$467.50,unavailable,N-4,1,freeze-dried,ATCC  129: Nutrient agar/stabs/broth with 0.5% NaCl,Temperature: 37Celsius Atmosphere: Aerobic,Frozen: -80Celsius  or colderFreeze-Dried: 2Celsius  to 8Celsius Live Culture: See Propagation Section,unavailable
Staphylococcus aureus subsp. aureus bacteriophage CDC 42D (ATCC 27712-B1),$550.00,$467.50,unavailable,CDC 42D,1,freeze-dried,ATCC  1831: Nutrient Broth/Agar w/ 400ug/ml Calcium Chloride,Temperature: 37Celsius Atmosphere: Aerobic,Store filtrate at 4Celsius .  Storage at 20Celsius  may cause inactivation of the phage.,unavailable
Staphylococcus aureus subsp. aureus bacteriophage 85 (ATCC 27708-B1),"For-Profit:
$550.00",,unavailable,85,1,freeze-dried,ATCC  1831: Nutrient Broth/Agar w/ 400ug/ml Calcium Chloride,Temperature: 37Celsius Atmosphere: Aerobic,Store filtrate at 4Celsius . Storage at 20Celsius  may cause inactivation of the phage.,unavailable
Streptococcus pyogenes bacteriophage A25 (ATCC 12204-B1),$550.00,$467.50,unavailable,A25,1,unavailable,ATCC  235: Todd-Hewitt broth,Temperature: 37Celsius Atmosphere: Aerobic,Frozen: -80Celsius  or colderFreeze-Dried: 2Celsius  to 8Celsius Live Culture: See Propagation Section,unavailable
Escherichia coli bacteriophage S13 (ATCC 13706-B5),"For-Profit:
$251.00",,unavailable,S13,1,freeze-dried,ATCC  129: Nutrient agar/stabs/broth with 0.5% NaCl,Temperature: 37Celsius Atmosphere: Aerobic,Frozen: -80Celsius  or colderFreeze-Dried: 2Celsius  to 8Celsius Live Culture: See Propagation Section,unavailable
Erwinia amylovora bacteriophage phi Ea116C (ATCC 29780-B6),$550.00,$467.50,unavailable,Phi Ea116C,1,freeze-dried,ATCC  272: Nutrient glucose medium,Temperature: 26.0Celsius Atmosphere: Aerobic,unavailable,unavailable
Escherichia coli bacteriophage R17 (ATCC 25868-B1),$550.00,$467.50,unavailable,R 17,1,freeze-dried,unavailable,unavailable,unavailable,unavailable
Xanthomonas citri subsp. malvacearum bacteriophage A (ATCC 14981-B1),"For-Profit:
$550.00",,unavailable,IMI strain A,1,freeze-dried,ATCC  268: Peptone sucrose broth,Temperature: 26Celsius Atmosphere: Aerobic,Frozen: -80Celsius  or colderFreeze-Dried: 2Celsius  to 8Celsius Live Culture: See Propagation Section,unavailable
Escherichia coli bacteriophage f1 (ATCC 15766-B2),$550.00,$467.50,unavailable,f1,1,freeze-dried,"ATCC  275: Tryptone broth, 1% with 0.05 M CaCl2",Temperature: 37Celsius Atmosphere: Aerobic,Frozen: -80Celsius  or colderFreeze-Dried: 2Celsius  to 8Celsius Live Culture: See Propagation Section,unavailable
Escherichia coli bacteriophage If1 (ATCC 27065-B1),$550.00,$467.50,unavailable,If1,1,frozen,unavailable,unavailable,unavailable,unavailable
Erwinia amylovora bacteriophage phi Ea125 (ATCC 29780-B3),$550.00,$467.50,unavailable,Phi Ea125,1,freeze-dried,ATCC  272: Nutrient glucose medium,Temperature: 26.0Celsius Atmosphere: Aerobic,unavailable,unavailable
Vibrio cholerae bacteriophage D-10 (ATCC 51352-B5),"For-Profit:
$550.00",,unavailable,D-10,1,freeze-dried,ATCC  129: Nutrient agar/stabs/broth with 0.5% NaCl,Temperature: 37Celsius Atmosphere: Aerobic,Frozen: -80Celsius  or colderFreeze-Dried: 2Celsius  to 8Celsius Live Culture: See Propagation Section,unavailable
Corynebacterium sp. bacteriophage DLC 2921/49 (ATCC 12052-B1),$550.00,$467.50,unavailable,DLC 2921/49,1,frozen,ATCC  44: Brain Heart Infusion Agar/Broth,"Temperature: 37Celsius 
Atmosphere: Aerobic",Frozen: -80Celsius  or colderFreeze-Dried: 2Celsius  to 8Celsius Live Culture: See Propagation Section,unavailable
